,Unnamed: 0,date,contents,city,city_in_disaster,target
0,0,2012-10-31T17:11:15.000Z,1 Year today without KFC or Mcdonlds & weigh in day - hoping for 20kg gone!! #nervoustosee ,christchurch,0,0
1,1,2012-10-31T06:42:57.000Z,#thankGod hubby's fine. ,christchurch,0,0
2,2,2012-10-31T03:32:54.000Z,My guys Howard and Marion filling the stats sheet so far #fantasyBasketball,christchurch,0,0
3,3,2012-10-30T00:17:06.000Z,"Just five more hours, and I can get off out on my #bike... stunning day here in #Waimakariri #NewZealand",christchurch,0,0
4,4,2012-10-30T10:47:26.000Z,Oh my god it's still October. Why is it already too hot to sleep?! #SummerProblems,christchurch,0,0
5,5,2012-10-31T09:52:19.000Z,Watching #biggestloser now I just want to go exercise ,christchurch,0,0
6,6,2012-10-31T00:38:57.000Z,Saw my niece for the first time today. It's a funny word really NIECE.,christchurch,0,0
7,7,2012-10-30T18:33:31.000Z,Can't see good in change to Employment Rel Act - either workers lose jobs or risk transferred to contract-losing firm #loselose,christchurch,0,0
8,8,2012-10-31T20:15:03.000Z,Nothing worst than having to re ask an ex to pay an account they already said they would pay on Monday!! #IHateMoney,christchurch,0,0
9,9,2012-10-31T03:36:00.000Z,Almost forgot about OJ Mayo #fantasyBasketball,christchurch,0,0
10,10,2012-10-31T20:25:02.000Z,Yay my mate comes down today from WLG :-) I forecast a pleasant few days ahead,christchurch,0,0
11,11,2012-10-30T23:36:45.000Z,Why is it that exams have to be during the nicest week of the whole damn year?! What I wouldn't give to not have to study right now... ,christchurch,0,0
12,12,2012-10-30T03:55:28.000Z,"Lady: hi do you know how much that is?
Me: sorry I don't work here
Lady: oh...I should've known
#note to self never play with the displays",christchurch,0,0
13,13,2012-10-30T05:45:50.000Z,"Cutleries 
Plates&cups 
Giveaways 
Outfit 
Accessories 
Contact lens 
Almost there...",christchurch,0,0
14,28,2012-10-30T19:45:12.000Z,Last hours in NZ. I miss my cloth. They should be washed and should have them back but they are not here and no management in house,christchurch,0,0
15,29,2012-10-30T02:12:56.000Z,don't even talk to me about Alex in that superman costume.,christchurch,0,0
16,30,2012-10-30T21:23:45.000Z,"Found my close and will leave the hostel now.
Klamotte gefunden. Verlass jetzt das Hostel.",christchurch,0,0
17,31,2012-10-31T19:33:03.000Z,Still no word on the job I applied for last week :-(,christchurch,0,0
18,32,2012-10-31T03:19:54.000Z,"One exam completed, just one to go (ever?)",christchurch,0,0
19,52,2012-10-30T19:47:41.000Z,"“
@TheRock
: ""And if you fall, stand tall and come back for more"" ~ Tupac” #keeppushing!",christchurch,0,0
20,83,2012-10-31T08:31:05.000Z,Eating.,christchurch,0,0
21,84,2012-10-31T09:54:21.000Z,Another 3.8RS depth 6km. .. Wht a day.,christchurch,0,0
22,85,2012-10-31T23:53:02.000Z,God I hate malls..,christchurch,0,0
23,86,2012-10-30T06:09:21.000Z,Enamorado de nz y sus bike tracks on botle lake park,christchurch,0,0
24,87,2012-10-31T08:47:57.000Z,I have Halloween candy~,christchurch,0,0
25,88,2012-10-31T12:18:39.000Z,"""
@ThatBravePotter
: On this day, 31 years ago, James and Lily Potter were murdered by Voldemort. #RipLilyAndJamesPotter""Sad",christchurch,0,1
26,89,2012-10-31T08:44:39.000Z,"3.7 pretty much centred near where we live haha, its been a while :P",christchurch,0,0
27,90,2012-10-31T04:17:28.000Z,"Just realised don't have any lollies 
 in house for kids...oh hell!! ",christchurch,0,0
28,91,2012-10-31T18:57:17.000Z,Does anyone out there - preferably in #newzealand have #adhd - mine is affectingly quite bad but not sure of how to treat it #doctor ??,christchurch,0,0
29,92,2012-10-31T21:11:43.000Z,"Just got told by an elite #advertising agency in #Christchurch  that my photography is amazing ,little did she know - it was with my #iphone",christchurch,0,0
30,93,2012-10-30T22:44:43.000Z,"Need new branding , or a well deserved re brand in time for the Christmas rush - chose #signnetwork - #Christchurch  owned and operated",christchurch,0,0
31,94,2012-10-31T08:51:41.000Z,Just had afterschock!! :p Creepy! Ahhhh........,christchurch,0,0
32,95,2012-10-30T13:42:28.000Z,When in chch .nz please come visit BASE,christchurch,0,0
33,117,2012-10-31T10:16:58.000Z,"“
@JonsRaela
: Wow... My first decent aftershock in a while. Hope Chch is ok!!! What's ur predictions peeps? Maybe a 4.1?” 
@CMoaga
 farted!!!",christchurch,0,0
34,118,2012-10-30T07:50:36.000Z,"flights to Cape Town have been cancelled 4 the next week due to Province opening their trophy cabinet 4 the 1st time in 11yrs 
@Coachdivvy",christchurch,0,0
35,119,2012-10-31T09:25:52.000Z,"“
@TheseDamnQuote
: Never plan a future with someone that has no future plans for themselves.”",christchurch,0,0
36,120,2012-10-31T23:50:10.000Z,ten more and back t the gride . com on tweet me mofos lmfao,christchurch,0,0
37,0,2012-10-31T19:13:35.000Z,"AAAAAAHHH #WorkFlow 
 thank god I get off early today 
.",nashville,0,0
38,1,2012-10-31T23:02:06.000Z,"S/O to 
@ChadZinchini
 for the great 
@TTUGoldenEagles
 interview on the Watson Brown Show. #EZ4CZ #Purplepride",nashville,0,0
39,2,2012-10-31T18:27:36.000Z,"knowing only half the school and no one outside of it gets my costume 
 #aperture #photographer #superhero",nashville,0,0
40,3,2012-10-31T17:54:18.000Z,Every time I think about this I get more and more unsure....,nashville,0,0
41,4,2012-10-31T11:38:26.000Z,It Doesn't Really Feel Like It's Halloween,nashville,0,0
42,5,2012-10-31T15:23:10.000Z,Nothing like going to the liquor store at 10 am. #happyhallowine,nashville,0,0
43,6,2012-10-31T19:55:53.000Z,"""When I can not stand, I'll fall on you. Jesus, you're my hope and stay. Lord, I need you."" #Passion:HereForYou",nashville,0,0
44,7,2012-10-31T16:44:18.000Z,I'm going as myself this Halloween. But I did put on black eye liner. #livingontheedge #HappyHalloween,nashville,0,0
45,8,2012-10-31T20:42:28.000Z,Everyone has a story. Everyone has gone through something that changed them..,nashville,0,0
46,9,2012-10-31T01:50:44.000Z,"Probably the worst part of my day, or life, is that I had a one direction song in my head all through swim practice #ratherwouldvedrowned",nashville,0,0
47,10,2012-10-31T17:17:01.000Z,"#talklikeyourbestfriend I dknt kniw how to use aito corect 
@RanaEmaad
 :)))) #ihadto",nashville,0,0
48,11,2012-10-31T14:40:06.000Z,"It takes everything in me not to call you. And I wish I could run to you, and I hope you know that every time I don't, I almost do.",nashville,0,0
49,12,2012-10-31T18:29:31.000Z,the people playing hide and go seek during xblock Are on my last freaking nerves #inmature,nashville,0,0
50,13,2012-10-31T20:51:33.000Z,I think everyone secretly feels at least a little awkward when eating a corndog. Or maybe that's just me. #fiftycentcorndogday,nashville,0,0
51,14,2012-10-31T11:39:53.000Z,"Why Is It When I Go To Sleep Early I Wake Up Sleepy As Heck But,  When I Go To Sleep Late I Wake Up All Pumped Up Lmao I Don't Get It!",nashville,0,0
52,15,2012-10-31T16:14:11.000Z,Guys! I'm gonna have a new nephew!!! #SoExcited!,nashville,0,0
53,16,2012-10-31T21:35:18.000Z,My Sperrys smell terrible. Burn it and bury it in the backyard,nashville,0,0
54,17,2012-10-31T00:04:58.000Z,when you can see the other person typing then the little bubble goes away and it takes them and hour to reply #petpeave,nashville,0,0
55,18,2012-10-31T17:59:25.000Z,OH ; Halloween is everyday For some of these overton kids.  Lol,nashville,0,0
56,19,2012-10-31T22:29:14.000Z,"In Tha car with 
@CoreyARaines
 && my babe @InsanlyPoetic_x (:",nashville,0,0
57,71,2012-10-31T04:23:12.000Z,"Congrats BMI Song Of The Year writers 
@rhettakins
 & 
@lukelaird
 for Rodney Atkins ""Take a Back Road."" #bmicountryawards",nashville,0,0
58,72,2012-10-31T22:02:31.000Z,"""Change the changeable, accept the unchangeable, and remove yourself from the unacceptable.""",nashville,0,0
59,73,2012-10-31T19:10:47.000Z,"Lets get a crazy ass student section for Friday, an all paint up!",nashville,0,0
60,74,2012-10-31T17:10:45.000Z,Life is not a fairytale...,nashville,0,0
61,75,2012-10-31T17:50:04.000Z,I don't celebrate HALLOWEEN!,nashville,0,0
62,76,2012-10-31T11:43:04.000Z,People Gone have candy on deck All week,nashville,0,0
63,77,2012-10-31T04:30:52.000Z,"""You've never loved
your stomach or your thighs.
the dimples in your back
at the bottom of your spine,
but i'll love them endlessly"" ",nashville,0,0
64,78,2012-10-30T23:20:43.000Z,So happy to have gotten my phone call from Congresswoman Corrine Brown! #uhhh,nashville,0,0
65,79,2012-10-31T19:57:26.000Z,"Man these females At cane ridge all of a sudden den grew some B
. I am nt the one to be messed with ya heard ?",nashville,0,0
66,80,2012-10-31T23:37:12.000Z,"All 
@KappaIotaTheta
 members should come out and support the KIT trunk that's handing out candy. #HappyHalloween #CANDY",nashville,0,0
67,81,2012-10-31T11:58:56.000Z,Happy hauntings.,nashville,0,0
68,82,2012-10-31T12:44:51.000Z,Game Day,nashville,0,0
69,83,2012-10-31T23:43:57.000Z,"I think 
@iBitGirl
 amd 
@iHaz3
 should take up theming on android as well... #JustSayin #TheyRock",nashville,0,0
70,106,2012-10-30T17:59:31.000Z,Wish I could hibernate in my bed for the rest of the day. #sleepy,nashville,0,0
71,107,2012-10-31T15:12:43.000Z,Dressing up as poor college student today because I didn't want to spend money on a costume:/,nashville,0,0
72,108,2012-10-31T23:59:34.000Z,Live tweeting as I hand out candy tonight. If your lucky I'll snap a few pics.,nashville,0,0
73,109,2012-10-31T00:02:17.000Z,"Saw #TTU and the 
@TTUGoldenEagles
 on 
@sportscenter
 tonight. Thanks to 
@GoDucks
 #PurplePride",nashville,0,0
74,110,2012-10-31T02:31:08.000Z,I have never heard anything that loud in my life!,nashville,0,0
75,133,2012-10-31T03:48:48.000Z,"“
@WOWFactsOfLife
: According to studies, the smarter you are, the more you dream.” In that case, I must be a friggin genius! #dreamallthetime",nashville,0,0
76,134,2012-10-31T03:50:44.000Z,Someone send me a goodnight text??,nashville,0,0
77,168,2012-10-31T18:00:48.000Z,I just saw a butterfly with a tattoo of a whore on its back. #nowthatisweird,nashville,0,0
78,169,2012-10-31T02:09:59.000Z,"Things I never expected to say...""No no, it's just the strippers doing karaoke."" #roberts #work #related #birthday",nashville,0,0
79,170,2012-10-31T18:45:31.000Z,I will be a 5th year senior next year. I'm going to embrace it. ,nashville,0,0
80,171,2012-10-31T22:36:20.000Z,Everyone doing ok? It's crazy out there. Killed 8 zombies already. Anyone know why they're carrying candy?,nashville,0,1
81,172,2012-10-31T20:28:17.000Z,This discussion is really going!! We love Nashville minds!! #NashUp #ArtoberNash,nashville,0,0
82,173,2012-10-31T04:21:37.000Z,"""
@zachbraff
: Getting ready to head out into the Hudson River for a little late night canoeing."" Blows my mind.... @ReganHolmberg",nashville,0,0
83,174,2012-10-31T16:42:09.000Z,"""We did the mash, we did the monster mash""
Special lamb w garlic mash potatoes. 
Meat-n-three style. 
#Halloween",nashville,0,0
84,175,2012-10-31T23:52:49.000Z,"Patiently awaiting for 
@bratalie
 to arrive home so we can go get 50cent corn dogs at sonic!! #bestpartofhalloween",nashville,0,0
85,176,2012-10-31T23:31:44.000Z,"""What are you supposed to be? Hot?"" You know what, Ill take it.",nashville,0,0
86,177,2012-10-31T22:36:45.000Z,"I have a good feeling about this game, idk what it is but I do",nashville,0,0
87,178,2012-10-31T18:44:05.000Z,Life is just so hard when you are 3g......,nashville,0,0
88,201,2012-10-31T04:11:51.000Z,"Congratulations #bmicountryawards Songwriters of the Year - 
@davidsondallas
 & 
@lukelaird",nashville,0,0
89,202,2012-10-31T03:45:01.000Z,ANDROID FINALLY GOT A SNAPCHAT PRAISE THE LORD,nashville,0,0
90,203,2012-10-31T17:57:41.000Z,"The fuckery that is romney RT""
@TwoWordsForYa
: Mitt Romney says he can relate to black people cause his ancestors owned slaves.hmmmmm..""",nashville,0,0
91,204,2012-10-30T22:57:34.000Z,#Goodlettsville/VietVets accident . left lane blocked.. on Vietnam Veterans Blvd EB after I-65 as reported by police #Nashville #traffic,nashville,0,1
92,205,2012-10-31T20:07:41.000Z,My girlfriend looks amazing today! Thought I'd throw that out there. @SummerHerzfeldt,nashville,0,0
93,228,2012-10-31T15:50:04.000Z,At IHOP - the gentleman in the booth across from me appears to have brought his own bottle of syrup from home.,nashville,0,0
94,229,2012-10-31T03:44:18.000Z,"Wait, Duck Dynasty isn't about hockey? 
@ClayMars
 @erin_patreese",nashville,0,0
95,230,2012-10-31T20:41:26.000Z,"I remember back in like 7th grade when we had a little party and 
@jaylencoleman
 popped out of the trunk and ran with a chainsaw lmao.",nashville,0,0
96,231,2012-10-31T01:53:01.000Z,"""@_aprilmayyjune: i'm not wearing combats tomorrow, prouda myself 
"" I was proud of myself today Tooo! I didn't wear mine...lmao.",nashville,0,0
97,314,2012-10-31T18:47:08.000Z,"“
@glo__inthedark
: ARE ALIENS REAL?”
Hell yes!! 
 Specially around this time!!",nashville,0,0
98,315,2012-10-31T22:19:01.000Z,"RT 
@mt014
: Thank you 
@vanderbiltu
 for an email detailing how being shitfaced in sub-freezing temperatures will lead to death #ratchet",nashville,0,0
99,316,2012-10-31T14:58:46.000Z,This semester is flying by. ,nashville,0,0
100,317,2012-10-31T22:31:37.000Z,Just bought moonshine!,nashville,0,0
101,318,2012-10-31T21:43:50.000Z,"This is just not true. “
@UberFacts
: No matter how hard you pinch the extra skin on your elbow, you will not feel pain.”",nashville,0,0
102,319,2012-10-31T17:41:15.000Z,"S/o to 
@Welly_Marshall
 just beause :)))",nashville,0,0
103,320,2012-10-31T05:09:11.000Z,It's a small world afterallllllll ,nashville,0,0
104,321,2012-10-30T18:24:22.000Z,"Nothing better than a day of retail therapy and rocking out to some Backstreet Boys with 
@bakerHALEY
!! Welcome back to America, friend. ",nashville,0,0
105,322,2012-10-31T17:03:41.000Z,"“@FuncFitTN: 
@BurgerUp
 thanks for awesome bison burger tonight after long day training! You never fail me when life calls for a burger”
Thx!",nashville,0,0
106,323,2012-10-31T23:09:19.000Z,"Whenever Hocus Pocus comes on tv it makes me miss all of 
@Ctay92
's Halloween parties. #childhood",nashville,0,0
107,324,2012-10-31T04:07:19.000Z,So far #bmicountryawards has recognized 50 songs!,nashville,0,0
108,325,2012-10-31T15:40:55.000Z,Disheartened at the lack of Hurricane Sandy Cohen memes.,nashville,0,0
109,326,2012-10-30T22:44:30.000Z,"After a long day of great 
@CountryMusic
 Award interviews.. Here's the real question: Where's the best #BBQ & #Beers in #Nashville ? #Foodies",nashville,0,0
110,327,2012-10-31T09:45:10.000Z,"12-15 Nashville American Red Cross volunteers deploying at 8:15am to assist with #HurricaneSandy relief in Tinton Falls, NJ 
@WSMV",nashville,0,1
111,328,2012-10-31T21:07:23.000Z,"""Mrs. Dana Songz. Aka Tre Songs wife. Oh hold up I gotta message from Tre."" Apparently. 
@Dana_Alsoub
 likes to play teacher...",nashville,0,0
112,329,2012-10-31T15:38:44.000Z,"“
@myredandblue
: Early mornings at 
@frothymonkey
 mean friends. That's why I love this place.”
You're the BEST.",nashville,0,0
113,330,2012-10-31T23:56:21.000Z,So this business of giving a shit about things; I've decided it's not for me.,nashville,0,0
114,331,2012-10-31T23:09:24.000Z,"<3 “
@Mondaeee
: Happy Halloween 
@fancystepdad
 <3 and 
@nathankmusic
 <3”",nashville,0,0
115,353,2012-10-31T03:14:53.000Z,"Hospitality is what it's all about... it happens FOR you, not TO you. It's a feeling, NOT a service. Thank you friends.",nashville,0,0
116,354,2012-10-31T22:04:41.000Z,Holy shit. I totally forgot about this whole thing with the kids knocking on your door. How do I make them stop?!,nashville,0,0
117,0,2012-10-31T15:26:06.000Z,"Early weekends for three weeks, exactly what I needed :-D",beirut,0,0
118,1,2012-10-31T20:24:58.000Z,Better three hours too soon than a minute too late. - William Shakespeare.,beirut,0,0
119,2,2012-10-30T13:37:11.000Z,"Dear Americans,since we r used to #NoPower #CompleteMess status, can we take #Sandy and give you #GebranBassil? #Suggestion #BlameBassil",beirut,0,0
120,3,2012-10-31T16:19:36.000Z,"Gangnam style ON the floor AT work 
@ChrisAgop
 @TornadoT1
 #LMFAO #TotalMadness",beirut,0,0
121,4,2012-10-30T19:38:16.000Z,“What if Gangnam Style was actually a giant rain dance and we’ve brought this on ourselves? #sandy” hahahaha!!!,beirut,0,0
122,5,2012-10-31T20:12:38.000Z,#omw to B1 #Jounieh with le bro,beirut,0,0
123,6,2012-10-30T08:45:57.000Z,Headache #civil ,beirut,0,0
124,7,2012-10-30T17:12:30.000Z,"we don't celebrate halloween, there's another similar holiday on the 4th December that we celebrate, until then #Merlin costume be prepared!",beirut,0,0
125,8,2012-10-31T16:35:22.000Z,If u watch Whats  happening in ths US u recognize that the movies they produced are turning into reality! Sharks in the streets !#BEASTMODE,beirut,0,0
126,9,2012-10-31T03:24:41.000Z,There are 900 letters in the Chinese alphabet. I'd hate to see their Scrabble board.,beirut,0,0
127,10,2012-10-31T15:12:12.000Z,Going home... #LongDay !,beirut,0,0
128,11,2012-10-31T13:41:07.000Z,Happy halloween..lebanon is boring.,beirut,0,0
129,12,2012-10-31T19:18:36.000Z,"""
@Funny_Truth
: Tall guy + Short girl = Cutest relationship ever."" 
@Venice_Derawi
 #Rafic =))",beirut,0,0
130,13,2012-10-30T06:22:59.000Z,Not in the mood for senior class #yawn @MychaB90,beirut,0,0
131,14,2012-10-31T13:04:56.000Z,Waaaaw long weekend ahead of me,beirut,0,0
132,15,2012-10-31T19:39:08.000Z,I HATE horror movies !!!!,beirut,0,0
133,16,2012-10-31T04:58:09.000Z,"On my way! To school 
Have a nice day !!",beirut,0,0
134,17,2012-10-30T08:17:24.000Z,Loose fat? Eat fat,beirut,0,0
135,18,2012-10-31T20:02:15.000Z,#metropolitan #beirut have one of the best luxury ballroom in town; it meet everyone demand from corporate function to dream wedding.,beirut,0,0
136,19,2012-10-30T13:15:35.000Z,Nerd mood on #studying #library #USJ #law #department,beirut,0,0
137,126,2012-10-30T22:22:47.000Z,If it were me id be like lying on the floor and just being going “take me to the hospital to get my flattened face checked please”,beirut,0,0
138,127,2012-10-31T22:25:45.000Z,People... Types & types!!,beirut,0,0
139,128,2012-10-31T20:14:46.000Z,I'm so bored of being bored because being bored is really boring.,beirut,0,0
140,129,2012-10-31T21:16:29.000Z,Give ur heart a break..,beirut,0,0
141,130,2012-10-30T19:49:45.000Z,"I'm giving 1 of my friends I just converted to 
@MerlinOfficial
  a test about the first episode XD. You got to know your #Merlin :-)",beirut,0,0
142,131,2012-10-31T17:24:49.000Z,#Lebanon If there's something strange in your neighborhood...who you gonna call?...نديم قطيش,beirut,0,0
143,132,2012-10-31T19:19:35.000Z,mostly cloudy -> clear — temperature up 24°C -> 25°C — humidity down 74% -> 65% — wind 2km/h NNE -> 6km/h ESE,beirut,0,1
144,133,2012-10-31T11:49:02.000Z,Any suggestions for a fun and easy Halloween costume for tonight's DECADEATH?,beirut,0,0
145,134,2012-10-31T15:34:27.000Z,Happy birthdayyy daddyyy,beirut,0,0
146,135,2012-10-31T11:00:37.000Z,"Everything happens for a reason. If you don't like it at first, trust me in the end it will always be what you wanted.",beirut,0,0
147,136,2012-10-30T22:21:39.000Z,"How come football players take full
Impact of shot balls on theyr face and dont show any sign of pain?",beirut,0,0
148,137,2012-10-31T21:42:45.000Z,"Watched skyfall with the bestfriend 
@ShirleyMouawad
 wawwww waw waw amazing movie",beirut,0,0
149,138,2012-10-31T23:57:04.000Z,"That awkward moment when you realize that in the movie 2012, the first city to be flooded was NY and now it's 2012 and NY is flooding! #Fuck",beirut,0,1
150,139,2012-10-31T09:50:56.000Z,"Dnt be into trends. Dnt make fashion own u, but u decide what u r, what u want to express by the way u dress and the way u live...",beirut,0,0
151,140,2012-10-31T20:05:05.000Z,With @LaraLeanaB at Starbucks Sassine,beirut,0,0
152,141,2012-10-30T22:16:27.000Z,#FreeFidaa then what? Is it the fate of all free thinkers to see themselves enslaved by whom cannot stand different opinions.,beirut,0,0
153,142,2012-10-30T20:12:53.000Z,"You've carried on so long, You couldn't stop if you tried. You've built your wall so high that none could climb it #np",beirut,0,0
154,143,2012-10-31T17:57:57.000Z,When I look into ur eyes.. I see myself. Really .,beirut,0,0
155,144,2012-10-31T16:48:14.000Z,"Say NO to #Drugs. Say YES to 
@CLASSICbrgr",beirut,0,0
156,167,2012-10-31T17:56:36.000Z,Be3 fuck you .,beirut,0,0
157,268,2012-10-31T09:32:00.000Z,I'd dress up as #Siri for #halloween if my life didn't already entail being asked #stupid questions all day long!!,beirut,0,0
158,269,2012-10-30T10:18:07.000Z,"Studying with 
@OgariteH",beirut,0,0
159,270,2012-10-30T06:06:35.000Z,"Horrible Traffic jam from ouza3i backed up all the way to khalde due to an unfixed/unfinished road work .. 
@MTVLebanon
 @Beirutiyat
 #lebanon",beirut,0,1
160,271,2012-10-31T21:10:46.000Z,Why do some Muslims pay that much attention to Halloween?! And barely some attention to their Deen?!,beirut,0,0
161,272,2012-10-31T14:57:24.000Z,Me trying to cut back food wise => goes for regular Oreos instead of double-stuffed Oreos.,beirut,0,0
162,273,2012-10-30T07:37:15.000Z,"Thanks 
@zaatarwzeit
 for sending me a ""happy birthday"" e-mail.",beirut,0,0
163,274,2012-10-31T20:24:39.000Z,"""
@FamousWomen
: The future belongs to those who believe in the beauty of their dreams. -Eleanor Roosevelt""",beirut,0,0
164,275,2012-10-30T13:38:26.000Z,"""
@christinkik
: Love me two times babyyy #DoorsFever"" Love me twice Todaaaaayyyy ;)",beirut,0,0
165,276,2012-10-31T14:50:29.000Z,current weather: mostly cloudy — 26°C — 70% humidity — wind 10km/h ENE — pressure 1013mb steady,beirut,0,1
166,277,2012-10-31T14:09:43.000Z, Thanks for shopping! Would you like to donate $1 to cancer research or are you a giant monster,beirut,0,0
167,278,2012-10-30T08:54:46.000Z,I hate the part of the morning where I have to get out of bed and participate in real life!!!,beirut,0,0
168,279,2012-10-31T21:17:55.000Z,"Singing in the old bars, swinging with the old stars, living for the fame.",beirut,0,0
169,280,2012-10-30T09:32:22.000Z,"Its only when we transcend our mental barriers be these of gender, race or social class that we can progress as humans, individuals, mankind",beirut,0,0
170,281,2012-10-30T20:45:49.000Z,"""Freedom is not worth having if it does not include the freedom to make mistakes."" - Mahatma Gandhi",beirut,0,0
171,282,2012-10-30T07:58:47.000Z,Come on Windows Phone 7.8… Your time is now (before we upgrade to the Lumia 920).,beirut,0,0
172,283,2012-10-31T21:55:38.000Z,I can’t believe i still get invitations to play #TexasHoldEmPoker on Facebook… isn’t it old school?,beirut,0,0
173,284,2012-10-30T22:34:52.000Z,"I never received my acceptance letter to Hogwarts, so I'm leaving the Shire to become a Jedi..",beirut,0,0
174,285,2012-10-31T04:45:28.000Z,"Happy birthday hayete ! Have a great day love uuu so much 
@PerlaRahmeh",beirut,0,0
175,307,2012-10-30T16:01:29.000Z,""" Now I believe in the future , I keep in mind all the past  But now that I live in the present I don't care about the rest""",beirut,0,0
176,308,2012-10-30T19:47:22.000Z,"""
@autocorrects
: Most kids: I like to drink and smoke weed. Me: When its really cold out I like to breath heavy and pretend I am a dragon.""",beirut,0,0
177,0,2012-10-31T20:02:35.000Z,How Come When I Tell #oomf something they get mad when im being honest ? So Do You Want Me To Lie # Ughh My Day,atlanta,0,0
178,1,2012-10-31T16:35:42.000Z,The only person I have to be better than is the person I was yesterday.,atlanta,0,0
179,2,2012-10-31T21:50:03.000Z,Blasting 2 chainz in the car with Kalisha and her mom>>>,atlanta,0,0
180,3,2012-10-31T16:16:32.000Z,Rihanna / Diamonds my fav song right now !,atlanta,0,0
181,4,2012-10-31T21:12:25.000Z,I just told my sister she dont run me lol,atlanta,0,0
182,5,2012-10-31T22:34:11.000Z,I don't be in the holiday spirit anymore,atlanta,0,0
183,6,2012-10-31T23:10:46.000Z,I wish I was still a kiddy,atlanta,0,0
184,7,2012-10-31T23:13:12.000Z,GUH IM KENDRICK LAMAR.. AKA BENZ IS TO ME JUS A CAR,atlanta,0,0
185,8,2012-10-31T18:50:14.000Z,Fellas if you tryjng to party with some of the baddest women in ATL kome kikk it with the Nupes at Paranormal #KAPPATIVITY 3,atlanta,0,0
186,9,2012-10-31T21:14:36.000Z,"So #HittsquadEmpire does something so other promoters follow .... Monkey 
 see monkey do
 smh",atlanta,0,0
187,10,2012-10-31T22:48:38.000Z,The leathery smell of new purses >>>,atlanta,0,0
188,11,2012-10-31T23:17:57.000Z,Just because it's Halloween does not mean you can run out into traffic I will run you over,atlanta,0,0
189,12,2012-10-31T20:16:36.000Z,"""
@_xoxo_Loyalty
: ""
@yungbouv
: ""
@_xoxo_Loyalty
: 
@yungbouv
 Lil One >>>>??"" Lol"" Lol wadeva"" lol... lil one just chill lil baby",atlanta,0,0
190,13,2012-10-31T23:01:21.000Z,You see right through me,atlanta,0,0
191,14,2012-10-31T23:15:16.000Z,Saturday back at it,atlanta,0,0
192,15,2012-10-31T21:16:13.000Z,Go on baby swag it out,atlanta,0,0
193,16,2012-10-31T20:21:39.000Z,"Kool ill see yu tonight then “
@Indescribably_B
: 
@Va_PHInest
 picking it up now:)”",atlanta,0,0
194,17,2012-10-31T21:03:50.000Z,It feels like Friday and Christmas. #toosoon,atlanta,0,0
195,18,2012-10-31T23:03:38.000Z,"""
@Judy_Mood3y
: Ugh gotta pass out candy,wth"" umnn TRICK OR TREAT ; )",atlanta,0,0
196,19,2012-10-31T23:18:53.000Z,I don't get you smh.,atlanta,0,0
197,93,2012-10-31T21:07:20.000Z,Halloween,atlanta,0,0
198,94,2012-10-31T15:05:25.000Z,Catching feelings is a bitch!!!!,atlanta,0,0
199,95,2012-10-31T21:39:26.000Z,Why everyone keep calln nd textn me sayn hannah nd katrice doin dis nd dat manGTF IDC if she doin dat ill let CARMA get ha im dne stressn,atlanta,0,0
200,96,2012-10-31T22:56:18.000Z,2005 Halloween - #TrickOrTreat 2012Halloween -#ShootOrBeShot,atlanta,0,0
201,97,2012-10-31T19:27:42.000Z,"I walk in then I turn up!!!! #NightmareAtTheMuseum 
@koreywitak",atlanta,0,0
202,98,2012-10-31T20:15:00.000Z,#halloween watchin horror films!,atlanta,0,0
203,99,2012-10-31T21:11:02.000Z,Emergency ferry service will begin for southern parts of the Outer Banks for trapped residents. NC12 may take weeks to repair #Sandy,atlanta,0,1
204,100,2012-10-31T21:40:17.000Z,Bout to fake a costume & cut the facial so I can go trick or treating w/o ppl judging me,atlanta,0,0
205,101,2012-10-31T21:04:35.000Z,"Same ol' weave , just a different glue. Mama need a perm, baby needs one too. Times is getting hard, tracks is getting loose. STRUGGLE HARD!",atlanta,0,0
206,102,2012-10-31T22:51:13.000Z,ATTENTION ALL BRAZEAL HALL RESIDENTS: We do have visitation today!!!,atlanta,0,0
207,103,2012-10-31T23:08:20.000Z,When people don't text back that you wanna talk too <<<<<,atlanta,0,0
208,104,2012-10-31T19:25:11.000Z,So please don't judge me & I won't judge you & if you love me let it be beautiful .,atlanta,0,0
209,105,2012-10-31T23:28:41.000Z,Absolutely LOVED seeing my lady war eagles for four years. Keep your heads up You girls are great! #wavolleyball #wareagles,atlanta,0,0
210,106,2012-10-31T19:17:31.000Z,"Some people can't help but make bad choices. It's ok though, I still love you.",atlanta,0,0
211,107,2012-10-31T20:11:42.000Z,"I ain't scared to fight, I might get my ass beat but shit... I'd defend my brother no matter what, ill kill a nigga defending him RNS",atlanta,0,0
212,131,2012-10-31T21:01:34.000Z,"8 planets, 1 universe, 204 countries, 809 islands, 7 seas and I just had to find yo dumbass.",atlanta,0,0
213,132,2012-10-31T18:36:54.000Z,Bitch talking shit to the queen when she looking like a lab ret,atlanta,0,0
214,133,2012-10-31T19:43:42.000Z,I want her to call me,atlanta,0,0
215,134,2012-10-31T23:26:19.000Z,"""
@Josie3Playa
: RT 
@Arrogantasz_fee
: song cry- #SRBYM >>>>>>>>>> this shit go in""im listening to dis now #salute for dis one",atlanta,0,0
216,157,2012-10-31T23:52:14.000Z,#RT For a S/O,atlanta,0,0
217,261,2012-10-31T19:31:38.000Z,"Im really heartbroken should I let her go and live her life, I just feel really stupid beging for someone that doesnt love you back that way",atlanta,0,0
218,262,2012-10-31T22:26:39.000Z,Smoking like a rasta tonight,atlanta,0,0
219,263,2012-10-31T16:20:38.000Z,Sometimes I Think High School Isn't For Me...,atlanta,0,0
220,264,2012-10-31T21:24:59.000Z,"I been tweeting my sister 
@_JawanaPoppin
 all dam day",atlanta,0,0
221,265,2012-10-31T18:18:10.000Z,Tae the only person that made me smile all day <3,atlanta,0,0
222,266,2012-10-31T21:41:43.000Z,"Hey Katy rice if I act desperately will you sleep with me too? 
 #dntwanturman #bicurious 
 @JayyyRy
 haha",atlanta,0,0
223,267,2012-10-31T22:54:20.000Z,"Having a Blue Moon at the bar & there's a waitress who looks just like 
@najja01
 #doubletake #doesshetakedictation",atlanta,0,0
224,268,2012-10-31T23:22:15.000Z,"Hoping my babe 
@_Tylermama
 n tyler havin fun, I hate im missing it",atlanta,0,0
225,269,2012-10-31T20:36:36.000Z,Forgot it was Halloween today,atlanta,0,0
226,270,2012-10-31T17:32:51.000Z,"Im ina Drake type mood today,",atlanta,0,0
227,271,2012-10-31T18:05:39.000Z,"Google Nexus 4 + 7 + 10 = $1147. Apple iPhone 5 + iPad mini + iPad = $1807. Comparable products, is the Apple ecosystem really worth $660?",atlanta,0,0
228,272,2012-10-31T22:15:37.000Z,oomf is mad b/c don't nobody wanna be in his bio lmaoo .. aww it's okay your avi is cute :-),atlanta,0,0
229,273,2012-10-31T14:48:24.000Z,"“
@shirly_temmple
: If  you single you pose to automatically work on you!!”never looked @ it dat way. I'm start doing dat.",atlanta,0,0
230,274,2012-10-31T23:11:04.000Z,Ill give it to you no interruption,atlanta,0,0
231,275,2012-10-31T20:38:07.000Z,Guess it's everyday is Halloween. Everybody always pretending to be somebody they not - tricking folk to get what they want..,atlanta,0,0
232,299,2012-10-31T16:19:07.000Z,"People change and promises are broken.""",atlanta,0,0
233,300,2012-10-31T23:26:26.000Z,Hoeless RightNow,atlanta,0,0
234,301,2012-10-31T22:14:05.000Z,"""who wanna be in my bio.? #RT"" *5 minutes later no RT* ""well fuck yall too y'all wasn't even gonna be in my Bio anyway .."" lmaoo",atlanta,0,0
235,302,2012-10-31T15:01:34.000Z,All I want for my birthday is a big booty hoe !,atlanta,0,0
236,303,2012-10-31T22:14:43.000Z,"Lol them kids at my school be running for lunch boy lmaooo , it be so funny yo.",atlanta,0,0
237,0,2012-10-31T23:59:59.000Z,"watched too much of #TheWire keep seein Avon, Stringer, & Omar at the Sixers game #showyaluv",fukishama,0,0
238,1,2012-10-31T23:59:59.000Z,Um the cops are searching through people's candy bags #wonderwhathappened #brossardproblems,fukishama,0,0
239,2,2012-10-31T23:59:59.000Z,why did the toilet paper not cross the road? because it got stuck in a crack! HAHA,fukishama,0,0
240,3,2012-10-31T23:59:59.000Z,Can't believe I'm listening to One Direction in my car right now... #waitwhat,fukishama,0,0
241,4,2012-10-31T23:59:57.000Z,Back to 99. Who wants to be the hundredth ? (: #Yes,fukishama,0,0
242,5,2012-10-31T23:59:56.000Z,I want some candy..but I guess a protein shake will suffice. #WorkoutProblems #KeepOnKeepinOn,fukishama,0,0
243,6,2012-10-31T23:59:59.000Z,"Got in the Tripoli newspaper!! #Scorebig 
@livsands10
 @AbbyTjaden",fukishama,0,0
244,7,2012-10-31T23:59:59.000Z,he said he wouldn't forget me ..... and he did.,fukishama,0,0
245,8,2012-10-31T23:59:57.000Z,Made it to our pit stop for the night in Ithaca... Bout to rip apart AZ Cornell.,fukishama,0,0
246,9,2012-10-31T23:59:57.000Z,"My mommy made me real, and my daddy made me.. Well I don't know what having a daddy feel like!",fukishama,0,0
247,10,2012-10-31T23:59:56.000Z,Anyone else in a serious bad mood ? #Life,fukishama,0,0
248,11,2012-10-31T23:59:56.000Z,Call to all Christians: Repent & pray that God heals our country!  He will hear our prayers. thank you Brothers & Sisters in faith,fukishama,0,0
249,12,2012-10-31T23:59:57.000Z,Y'all really have to start payin attention to da lil shit #ianlyin,fukishama,0,0
250,13,2012-10-31T23:59:56.000Z,The rule is if the the porch light is off don't ring the bell,fukishama,0,0
251,14,2012-10-31T23:59:58.000Z,"If I was sure someone was going to burn in hell for eternity, I'd at least treat them with kindness for their short time on Earth.",fukishama,0,0
252,15,2012-10-31T23:59:57.000Z,The only place I want to be other than my #bed ..is in your arms,fukishama,0,0
253,16,2012-10-31T23:59:57.000Z,"Costume required for the #Gucci concert tonight? Fine, but I'm going all out. Dressing up as a white guy. #210gettinratchet #BURR #soicy",fukishama,0,0
254,17,2012-10-31T23:59:58.000Z,Completely just wiped out trying to walk up the stairs #cool,fukishama,0,0
255,18,2012-10-31T23:59:59.000Z,I walk in then I turn up!,fukishama,0,0
256,19,2012-10-31T23:59:57.000Z,January= start of the best sport,fukishama,0,0
257,58,2012-10-31T23:59:58.000Z,"Shout Out:) retweet!""",fukishama,0,0
258,59,2012-10-31T23:59:59.000Z,Zombieland is on!!! #MyFavorite ,fukishama,0,0
259,60,2012-10-31T23:59:58.000Z,Who was the horse? Lol,fukishama,0,0
260,61,2012-10-31T23:59:58.000Z,I'm tired of these trick or treaters coming to our door I'm ready for all this candy to be gone,fukishama,0,0
261,62,2012-10-31T23:59:59.000Z,That's why I'm so into you,fukishama,0,0
262,63,2012-10-31T23:59:58.000Z,"I hate when people are like ew girls who's participate in no shave November are gross, uhhh do you know how warm my legs will be lol",fukishama,0,0
263,64,2012-10-31T23:59:58.000Z,"whenever we were together, we never turned our backs on each other ",fukishama,0,0
264,65,2012-10-31T23:59:58.000Z,"If you don't mind, we could just lay in your bed in our underwear, read books or watch good movies, and scratch each other's backs.",fukishama,0,0
265,66,2012-10-31T23:59:58.000Z,It's 8'0clock. Porch lights go off and that concludes this years Halloween.,fukishama,0,0
266,67,2012-10-31T23:59:58.000Z,If #oomf don't txt back we gotta work,fukishama,0,0
267,91,2012-10-31T23:59:57.000Z,"Dear old man, We are bunnies that doesn't mean playboy bunnies. 

From,
Me and @kodababee and 
@anneopalikhin",fukishama,0,0
268,92,2012-10-31T23:59:58.000Z,"Guys, I actually do have friends; it's just I don't know why I do, lol.",fukishama,0,0
269,93,2012-10-31T23:59:57.000Z,; gio just asked me if my cheeks are still soft ? wahhthefahhhh !,fukishama,0,0
270,94,2012-10-31T23:59:57.000Z,Mic and kara are both txting and I'm here eating like hi,fukishama,0,0
271,117,2012-10-31T23:59:58.000Z,"far out the love i have for 
@grrimmers
 is indescribable his just hilarious!",fukishama,0,0
272,118,2012-10-31T23:59:57.000Z,Not one kid has knocked on my door.....,fukishama,0,0
273,119,2012-10-31T23:59:57.000Z,"Yeahh, I feel you. I wish I was single too. ",fukishama,0,0
274,120,2012-10-31T23:59:57.000Z,"$2 burritos at chipotle for wearing a costume, I'll stand in line all day for that",fukishama,0,0
275,121,2012-10-31T23:59:56.000Z,No just because I'm trick or treating with a toddler does not mean its my kid. #ohmy,fukishama,0,0
276,144,2012-10-31T23:59:59.000Z,No Shave November Is Jus Trifeeee.,fukishama,0,0
277,197,2012-10-31T23:59:58.000Z,#Mention20PeopleYouWantToMeet The glee cast,fukishama,0,0
278,198,2012-10-31T23:59:56.000Z,"Not to be racist, but when's the last time you have heard espn say the best two guys in college basketball are white?",fukishama,0,0
279,199,2012-10-31T23:59:58.000Z,"“@AliceTheGREAT_: “
@Eli_thoo
: @AliceTheGREAT_ always catch me doing some weird” lmfai” you just pop up at the wrong times",fukishama,0,0
280,200,2012-10-31T23:59:59.000Z,2 bodies found n summerville,fukishama,0,1
281,201,2012-10-31T23:59:56.000Z,Do people not understand that if all your lights are closed that automatically means you don't feel like entertaining them,fukishama,0,0
282,202,2012-10-31T23:59:57.000Z,Ew dude shutup,fukishama,0,0
283,203,2012-10-31T23:59:57.000Z,"if i had one wish.. we would be bestfriends , love would never end , it would just begin..",fukishama,0,0
284,204,2012-10-31T23:59:57.000Z,Follow @_downtocuddle everyone..,fukishama,0,0
285,205,2012-10-31T23:59:58.000Z,"Whether the word be Drunk or crunk I aint never I'm a mess 
@pportsmouth
 @ella_bella194 @peaches_rachel 
@xXKirstyXx8
 @TiffyRoutledge",fukishama,0,0
286,206,2012-10-31T23:59:58.000Z,Being ignored really is one of the worst feelings,fukishama,0,0
287,207,2012-10-31T23:59:59.000Z,Justin makes me have high expectation on boys,fukishama,0,0
288,208,2012-10-31T23:59:58.000Z,Tomorrow is November... Time has gone by super fast.,fukishama,0,0
289,209,2012-10-31T23:59:58.000Z,We received several requests today from those impacted by Hurricane Sandy and lacking power or internet to extend our fall donation drive.,fukishama,0,1
290,210,2012-10-31T23:59:55.000Z,"#Gratitude for my supporters, readers, fans and followers of A PERFECT HUSBAND.  No thank you could ever be enough... only #gratitude...",fukishama,0,0
291,211,2012-10-31T23:59:56.000Z,Actually have someone who wants to be around. But that's not who I want. The bittersweetness.,fukishama,0,0
292,212,2012-10-31T23:59:56.000Z,That boy Jarrin. That boy GA. That boy Bobby. That boy P. That boy Gerry. That boy James. That boy Chris. That boy Leo. That boy Ro,fukishama,0,0
293,213,2012-10-31T23:59:57.000Z,"""bubble, bubble. i'm in trouble""",fukishama,0,0
294,214,2012-10-31T23:59:56.000Z,"""@Why_aVOIDme: #RatchetHalloweenTreats Cough drops""",fukishama,0,0
295,215,2012-10-31T23:59:58.000Z,Follow my Instagram ----- Teviniam,fukishama,0,0
296,238,2012-10-31T23:59:59.000Z,At chipotle dressed as batman. Get on my level,fukishama,0,0
297,295,2012-10-31T23:59:56.000Z,"Good luck tonight 
@aldridge_12
 ",fukishama,0,0
298,296,2012-10-31T23:59:59.000Z,"October is such a boring month, glad it's over",fukishama,0,0
299,297,2012-10-31T23:59:58.000Z,Wonder how many times Meek called Bow Wow a clown,fukishama,0,0
300,298,2012-10-31T23:59:58.000Z,A library is a hospital for the mind ~ Anonymous,fukishama,0,0
301,299,2012-10-31T23:59:59.000Z,"Happy Birthday!! 
@ThemTittiesTho
 Enjoy your night with some Grade A kush and some Bombay! :D",fukishama,0,0
302,300,2012-10-31T23:59:56.000Z,AND THEN DIS GUY ALMOST HAS GAY SEX WITH JAMES BOND AND THEN BOND JUST STRAIGHT OUT SAYS THAT IT WOULDN'T BE HIS FIRST TIME WITH A MAN,fukishama,0,0
303,301,2012-10-31T23:59:58.000Z,"Missing @emily_klassanos 
@ChantelStPierre
 @maggieskelly
 and @VarzaCody soo much right now! :((",fukishama,0,0
304,302,2012-10-31T23:59:58.000Z," RT 
@SlayyyKing
: I'm throw on a white sheet go as a ghost and get up in Ibiza for the free tonight",fukishama,0,0
305,303,2012-10-31T23:59:58.000Z,My dog is vicious ,fukishama,0,0
306,304,2012-10-31T23:59:59.000Z,"Never denied that. RT 
@FMSupreme
: 
@Federal_flashes
 freedom has a price my dear. MLK died for equal rights. Did he not?",fukishama,0,0
307,305,2012-10-31T23:59:57.000Z,"Haha 
 last 24 hours have been crazy! 
@JamesGeorge09
: 
@myzanand
 Your a cult hero now mate!!”",fukishama,0,0
308,306,2012-10-31T23:59:58.000Z,"felt like a schoolboy in hero-worship mode today, talking to Robert A. Caro, sublime LBJ biographer. The best. Chicago cold, but who cares?",fukishama,0,0
309,307,2012-10-31T23:59:58.000Z,Got word there are people dressed like me for Halloween ! Haha I love it,fukishama,0,0
310,308,2012-10-31T23:59:59.000Z,"The month of November is full of phenomenal black leadership! Don't miss out on what 
@naacpumcp
 and us have to offer!",fukishama,0,0
311,331,2012-10-31T23:59:59.000Z,"What the Hell does ""SOSA"" mean?",fukishama,0,0
312,332,2012-10-31T23:59:59.000Z,I just really love Nightmare Before Christmas. Weird Jack has got to be one of my favorite characters of all time,fukishama,0,0
313,333,2012-10-31T23:59:57.000Z,Think I'm just gonna roll around the floor of Super Cuts and go as 70's disco pussy. #Halloween,fukishama,0,0
314,334,2012-10-31T23:59:59.000Z,Lol Shana the flipping queen. The girl flip everywhere.,fukishama,0,0
315,335,2012-10-31T23:59:58.000Z,High- Lighthouse Family,fukishama,0,0
316,358,2012-10-31T23:59:59.000Z,Just walked outside and the City of Salem is ROARING. I'll just be here. Watching #Supernatural.,fukishama,0,0
317,0,2012-10-31T08:32:20.000Z,"I was just thinking, idk most of my #UT16 followers.. 
 Where y'all at!?!",austin,0,0
318,1,2012-10-31T18:03:42.000Z,Just saw a elder maintenance  man driving around in a Spongebob costume. #YOLO,austin,0,0
319,2,2012-10-31T19:21:27.000Z,Guys that don't like girls dressed in slutty costumes..... #homo,austin,0,0
320,3,2012-10-31T15:33:22.000Z,Your never to old to go trick or treating !  ,austin,0,0
321,4,2012-10-31T16:27:37.000Z,I just want to lay in my bed all day cuddle and drink hot chocolate,austin,0,0
322,5,2012-10-31T21:09:01.000Z,"Happy Halloween everyone!  Or, as Nicki Minaj and Lady Gaga call it, Wednesday!",austin,0,0
323,6,2012-10-31T22:43:37.000Z,Ahh halloween the night when we find out which girls are the slutiest,austin,0,0
324,7,2012-10-31T02:42:57.000Z,This is just the beginning! #TeamHeat,austin,0,0
325,8,2012-10-31T15:25:52.000Z,You are wearing a Halloween costume to class at a community college....,austin,0,0
326,9,2012-10-31T22:19:57.000Z,I should be a detective in my spare time I'm soooOo good at figuring everything out.,austin,0,0
327,10,2012-10-31T14:20:40.000Z,"The main focus of meditation is to focus your meditation. #philosophy 
@ZazenLife",austin,0,0
328,11,2012-10-31T03:12:00.000Z,Brb drowning in homework,austin,0,0
329,12,2012-10-31T17:12:37.000Z,It's sad at #UT it's more likely for me to get hit by a bike than a car.,austin,0,0
330,13,2012-10-31T14:48:49.000Z,"Next year, I'm dressing up for real.",austin,0,0
331,14,2012-10-31T23:19:07.000Z,When I see your picture I miss you. When I see you I hate you.,austin,0,0
332,15,2012-10-31T14:21:05.000Z,So can Thanksgiving hurry up already?,austin,0,0
333,16,2012-10-31T18:16:55.000Z,"You know how the time flys, only yesterday was the time of our lives.",austin,0,0
334,17,2012-10-31T15:00:39.000Z,Just casually falling asleep while walking. #nbd,austin,0,0
335,18,2012-10-31T22:04:41.000Z,College: where you see more people in Halloween costumes the weekend before than on actual Halloween,austin,0,0
336,19,2012-10-31T18:19:00.000Z,"""
@Uptown_Cesar
: I wanna get drunk tonight bt damn I gotta work at 7am tommorrow morning (/.<) #LifeDecsions"" #thestruggle",austin,0,0
337,69,2012-10-31T19:02:07.000Z,Just got eventbrite app #dopeshit,austin,0,0
338,70,2012-10-31T04:27:49.000Z,Otc Of Course Im Not Gonna Fight KD Hes Like Twice My Size... But BOI JIO Finna Give Him The BANGAS!,austin,0,0
339,71,2012-10-31T18:41:32.000Z,Maury is making me angry....these women are dumb af...but the men are no better.,austin,0,0
340,72,2012-10-31T16:00:08.000Z,"My bio TA is wearing a ""BLAZIN CHALLENGE SURVIVOR"" shirt from bww. No. Just, no.",austin,0,0
341,73,2012-10-31T04:34:55.000Z,Juice Mob Taking Over Yo TL... Mhmhm ;),austin,0,0
342,74,2012-10-31T17:25:36.000Z,"No Hamburger Helper, you weren't supposed to make me feel this way ",austin,0,0
343,75,2012-10-31T15:50:51.000Z,John Legend's voice is puree,austin,0,0
344,76,2012-10-31T03:07:07.000Z,I really miss oomf :/,austin,0,0
345,77,2012-10-31T18:37:52.000Z,"I got sonic, but the teacher won't let me eat it. #bitch",austin,0,0
346,78,2012-10-31T23:37:53.000Z,"Ill never talk again. Oh boy you've left me speechless, you've left speechless. So speechless.",austin,0,0
347,79,2012-10-31T07:36:41.000Z,Can't spend forever holding on to something that has already let go of you..,austin,0,0
348,80,2012-10-31T20:57:27.000Z,"Just voted for 
@MittRomney
 and 
@tedcruz
 at UT #hookem",austin,0,0
349,81,2012-10-31T04:11:13.000Z,"Wait.. In the movie 2012, New York was flooded in October.. It's October and New York is flooded..",austin,0,1
350,82,2012-10-31T23:01:24.000Z,#oomfs ~ please care for me. Or like me would be better?,austin,0,0
351,83,2012-10-31T18:38:28.000Z,"Even If Yo Mama Tell You Different! Remember Dis ""Daddy Love You""",austin,0,0
352,107,2012-10-31T22:05:54.000Z,those 'I know we're in a public place but all I see is you' type stares are crucial,austin,0,0
353,108,2012-10-31T23:05:22.000Z,I'm just as awkward as you think I am,austin,0,0
354,109,2012-10-30T20:27:04.000Z,"just finished my interview with the coach of #TeamBYXfall11 and this is all he had to say: ""We're going to lose a lot of good men tonight.""",austin,0,0
355,110,2012-10-31T22:00:36.000Z,Never too old for trick or treating ,austin,0,0
356,111,2012-10-31T17:44:41.000Z,"This year, I'm going as a slutty Amish girl. Going to show SO MUCH ANKLE! #wtforever21",austin,0,0
357,166,2012-10-31T05:38:11.000Z,OMG @Emmynemss sure does know how to make ramen ,austin,0,0
358,167,2012-10-31T18:11:38.000Z,"S/O to 
@ceeb3
 for giving me the best compliment on the Written in Stone video of course by 
@iknowJONATHAS
 .Met him back when he managed Tyga",austin,0,0
359,168,2012-10-31T07:02:08.000Z,Why would my #roommate buy the #Halloween candy for trick-or-treaters EARLY? #SorryImNotSorry,austin,0,0
360,169,2012-10-31T19:59:56.000Z,Money over everything,austin,0,0
361,170,2012-10-31T08:15:41.000Z,"I'm strong, but I break. I'm stubborn, and I make plenty of mistakes, and life with me is never easy. I'm confusing as hell.",austin,0,0
362,171,2012-10-31T20:02:23.000Z,This day brings old memories good ones and bad from last year ..,austin,0,0
363,172,2012-10-31T19:35:48.000Z,Having a sub next period>>>>>>>,austin,0,0
364,173,2012-10-31T16:16:01.000Z,Who's going to 6th tonight????,austin,0,0
365,174,2012-10-31T07:04:12.000Z,Can't sleep,austin,0,0
366,175,2012-10-31T23:18:58.000Z,74days sober.,austin,0,0
367,176,2012-10-31T21:25:55.000Z,6th street(:,austin,0,0
368,177,2012-10-31T22:06:23.000Z,"It seems I'm lucky this week and I've won a day pass to 
@funfunfunfest
 Awesome.",austin,0,0
369,178,2012-10-31T18:12:18.000Z,"Paige Meyer isn't having a party, it's just people going trick or treating. Don't come if you weren't invited and do NOT bring alcohol",austin,0,0
370,179,2012-10-31T21:14:42.000Z,If all goes to plan (which it rarely does) my costume tonight is going to be amazingly nerdy but I think it will go over well.,austin,0,0
371,203,2012-10-31T17:32:19.000Z,"My mom calls me ""mom""",austin,0,0
372,204,2012-10-30T14:50:25.000Z,awkward moments,austin,0,0
373,205,2012-10-31T16:56:37.000Z,Sweat is the perfume of lovers,austin,0,0
374,206,2012-10-31T20:58:08.000Z,that awesomely moment when you show a porn video to your lady friend and they freak out  >__<,austin,0,0
375,229,2012-10-31T21:53:18.000Z,"Dan and Chris are covering The Tap tonight so Mikey and I can go trick or treating. Maybe I should bring my son along, too. #Halloween",austin,0,0
376,230,2012-10-31T16:24:49.000Z,#ObamaHorrorMovies Voting Of The Living Dead,austin,0,0
377,301,2012-10-31T18:05:49.000Z,Will there ever be a day I don't spill coffee on myself?,austin,0,0
378,302,2012-10-30T22:38:08.000Z,"TxState fellas, MEET ME TOMORROW FROM 7-9pm as we begin our discussion on ""Biblical Manhood"". LBJSC 3-7.1 #becomingGREATERmen 
@GMZGreaterU",austin,0,0
379,303,2012-10-31T19:37:10.000Z,"Today's WOD:
Hatch Squat cycle Week 1, Day 2

THEN
3 Rounds
10 Deadlifts (155)
50 DU's

rest 10 mins

3 rounds Max Pull ups
#CrossFit",austin,0,0
380,304,2012-10-31T17:45:22.000Z,My mom's daughter has problems. Lol.,austin,0,0
381,305,2012-10-31T02:36:52.000Z,God I hate the lakers,austin,0,0
382,306,2012-10-31T19:02:09.000Z,"Dear Spotify, It's Halloween and 81 degrees out. Don't you dare try to get me to listen to Christmas music yet.",austin,0,0
383,307,2012-10-31T16:12:11.000Z,Some days they just want you to push the buttons.,austin,0,0
384,308,2012-10-31T19:23:25.000Z,"Air Twain shirt getting lots of love from the locals. If anyone has interest and the means to set up a solid t-shirt shop online, holler!",austin,0,0
385,309,2012-10-31T01:45:35.000Z,"Follow the official ¥€$ twitter page ----> 
@YenEuroScrilla",austin,0,0
386,310,2012-10-30T07:10:38.000Z,I feel like such a bitch kicking out comfortable ppl who are in the study room I booked so late...,austin,0,0
387,311,2012-10-31T18:02:35.000Z,"Poll:  Romney will win. No, Obama will win.  Wait, Romney. No, Obama. Polls = Pffft. My vote went to #RomneyRyan2012.",austin,0,0
388,312,2012-10-31T21:38:08.000Z,"Already 3 compliments on the new phone case. Props to 
@alyssflores",austin,0,0
389,313,2012-10-31T19:20:43.000Z,"Come to 512 tonight and see your favorite negros me and 
@TerrinAdams
 were getting crasssshhy tonight!!",austin,0,0
390,335,2012-10-31T14:18:47.000Z,"Lolol 
@ILoveJulia_
 gives no fucks",austin,0,0
391,336,2012-10-31T03:49:08.000Z,I love that my roommate and I celebrate all holidays and get gifts and stuffs for each other! We're so festive lol ,austin,0,0
392,337,2012-10-30T16:56:19.000Z,"“
@SoVeryEpic
: I am allergic to stupidity, so I break out in sarcasm.” 
@katie_e_jameson",austin,0,0
393,338,2012-10-31T18:57:05.000Z,"“
@Breefontenot
: Does anybody else sing the Halloween song in their head to spell Halloween ?! 
” thanks for reminding about this song ",austin,0,0
394,359,2012-10-31T04:41:24.000Z,"""
@laurenxo_13
: Does anyone know if you have to pay when you sign up for the SAT? Or can you pay the day you take it?"" Leeway?",austin,0,0
395,360,2012-10-30T19:02:32.000Z,I miss my baby @LUMBAA_LAOS!,austin,0,0
396,361,2012-10-31T20:44:41.000Z,This weekend prolly gonna be sum serious . ,austin,0,0
397,0,2012-10-31T05:32:36.000Z,Dear future husband- there will be multiple days where I punch air and rap Eminem #fairwarning,moore,0,0
398,1,2012-10-30T22:41:25.000Z,#ugainmajorpoints if u dress nice and are clean cut and smell nice,moore,0,0
399,2,2012-10-31T04:38:53.000Z,She is clothed with strength and dignity; she laughs at the days to come ,moore,0,0
400,3,2012-10-30T14:51:29.000Z,Yukon will changee you into a white boy,moore,0,0
401,4,2012-10-30T18:54:04.000Z,Just a reminder tomorrow is the last day of our costume contest come by dressed up and get 10% off!!! We close at 7 tonight and tomorrow!!!,moore,0,0
402,5,2012-10-31T20:46:10.000Z,I wish high school students were allowed to dress up today.. #BullCrap,moore,0,0
403,6,2012-10-31T22:03:38.000Z,Keyanah gone ask me drop what? Drop yo draws damn it. Lol,moore,0,0
404,7,2012-10-31T16:47:49.000Z,I just tried unlocking my dorm room with the remote to my car. #oneofthosedays,moore,0,0
405,8,2012-10-31T03:46:12.000Z,The same girl is always retweetin my ish why??????  #youknowwhoyouare,moore,0,0
406,9,2012-10-30T14:30:06.000Z,"""We accept the love we think we deserve."" #theperksofbeingawallflower #stephenchbosky",moore,0,0
407,10,2012-10-30T22:40:26.000Z,#ugainmajorpoints if u love and play basketball,moore,0,0
408,11,2012-10-31T20:45:44.000Z,happy halloween evry1 but I don't have chillins to poach candy off of! lol so i'm ready for tomorrows thunder/spurs game! #ThunderOpener,moore,0,0
409,12,2012-10-31T22:22:24.000Z,"“
@AyeYoJizz
: 
@dam_SheeZDOPE
 #CantWorryBoutIt 
 you better respond next time or it's 
 on sight” yea ok ",moore,0,0
410,13,2012-10-31T19:59:07.000Z,I CANNOT STAND MY BABYDADDY #WHITETRASHPROBS #venttweet #inappropriate #sorrynotsorry,moore,0,0
411,14,2012-10-31T17:37:51.000Z,Smashed that test. #HellYeah,moore,0,0
412,15,2012-10-31T11:43:10.000Z,The worst part about the colder weather is getting out of bed in the morning!,moore,0,1
413,16,2012-10-31T17:57:10.000Z,I feel like the squirrel off of over the hedge. #coffeeprobs,moore,0,0
414,17,2012-10-31T14:58:30.000Z,It's Halloween. Let's keep the virgins away from the black flame candles. Oh... so what are you today? #Costumes2012 #ThisIsHalloween,moore,0,0
415,18,2012-10-31T22:21:02.000Z,Got me and babe some ropes!,moore,0,0
416,19,2012-10-31T20:10:44.000Z,"U tryna find a man???? U needa find urself....
R.s.",moore,0,0
417,57,2012-10-31T02:28:36.000Z,Jesus makes me smile!!!,moore,0,0
418,58,2012-10-31T23:53:22.000Z,People are just weird....,moore,0,0
419,59,2012-10-31T08:18:26.000Z,Heartache,moore,0,0
420,60,2012-10-31T03:19:46.000Z,Just listening to the Chinese foreign exchange students on my floor sing Rihanna. #sothisishell,moore,0,0
421,61,2012-10-31T20:52:42.000Z,"If someone starts to cry due to a joke you've continued to make, its probably time to stop. Not keep laughing because you're embarrassed.",moore,0,0
422,62,2012-10-31T20:22:57.000Z,"For those going to 
@OUHockey
 game tomorrow night against Rutgers,  it has been canceled due to #Sandy",moore,0,0
423,63,2012-10-31T17:24:51.000Z,Just heard #Ashwin's voice 200 feet and three floors down from me,moore,0,0
424,64,2012-10-31T12:14:46.000Z,"""what, then, shall we say in response to this? If God is for us, who can be against us?""",moore,0,0
425,65,2012-10-31T16:48:39.000Z,Halloween on a Wednesday... Just another reason to get drunk on a Wednesday #YOLO,moore,0,0
426,88,2012-10-31T05:08:41.000Z,If you wanna beat Dwight Howard in horse just shoot a free throw.,moore,0,0
427,89,2012-10-31T21:56:04.000Z,A lot of people could be jobless because of the things they post on twitter,moore,0,0
428,90,2012-10-30T17:03:04.000Z,Dressing up after an all nighter.  #ijustwantmynorts #iweekprobs #almostalphachi,moore,0,0
429,91,2012-10-31T05:12:09.000Z,"The sad thing is,you didnt use to be a douchebag.",moore,0,0
430,92,2012-10-31T01:45:27.000Z,"I love having two important tests in my major's classes the day after Halloween. What do they think we do, study 24-7 or something!? 
>",moore,0,0
431,115,2012-10-31T21:56:57.000Z,Twitter is the wrong place to try to prove to people that you're smart,moore,0,0
432,116,2012-10-31T12:20:03.000Z,Ugh I can't wait until Halloween is over......,moore,0,0
433,117,2012-10-31T23:45:14.000Z,"The Simpson's Halloween 
 
#HappyHalloween",moore,0,0
434,118,2012-10-30T21:28:04.000Z,Time to get my swoll on.,moore,0,0
435,119,2012-10-30T03:15:36.000Z,i hate when i get all cozy in my bed then have to get back up because i forgot to turn off the lights. lol,moore,0,0
436,142,2012-10-31T23:21:52.000Z,"#TalkLikeYourBestfriend like, look at his muscles.. I mean, his face is alright.. But I just like his muscles. @Tiffany_Hall7",moore,0,0
437,236,2012-10-31T16:20:04.000Z,#whynot do whatever it takes to better yourself on why not Wednesday,moore,0,0
438,237,2012-10-31T02:29:38.000Z,Lifes a climb but the view is great!,moore,0,0
439,238,2012-10-31T04:53:23.000Z,All three of our babies are sleepingng with me tonight.,moore,0,0
440,239,2012-10-31T23:54:58.000Z,Yes  let's just sit in the middle of the grass by yourself dressed as a clown listening to creeping music #weirdass #onlyinNorman,moore,0,0
441,240,2012-10-31T04:56:57.000Z,Them laker fans awfully quiet lol,moore,0,0
442,241,2012-10-31T22:30:03.000Z,Wicked i drove off from the gas station n my fone fell off my car ! Luckily i heard/saw it before somebody ran it over :'(,moore,0,0
443,242,2012-10-31T00:17:04.000Z,I have been feeling sick all day,moore,0,0
444,243,2012-10-31T23:18:02.000Z,Should there be a contest for the first person who posts an #opencarry pic tomorrow?,moore,0,0
445,244,2012-10-31T15:43:12.000Z,Let us out of class early #winning,moore,0,0
446,245,2012-10-31T21:15:42.000Z,Enjoyed the day touring the oil rigs of #merica #energy #newrigsmell,moore,0,0
447,246,2012-10-31T00:15:35.000Z,"The #NBA
 is finally back. All is right with the world again.",moore,0,0
448,247,2012-10-31T21:17:07.000Z,Something you gotta understand is every male is not a man,moore,0,0
449,248,2012-10-31T20:58:55.000Z,"Guess it is time to unfollow 
@JHarden13
 and find a new favorite hooper. With all that money he can buy courtside tickets to the finals.",moore,0,0
450,249,2012-10-31T23:59:47.000Z,"I don't like it when 
@caster_24
 insults me
 it's insulting",moore,0,0
451,250,2012-10-31T21:52:50.000Z,Fk it roll up,moore,0,0
452,273,2012-10-31T23:00:24.000Z,These people at the casino smh,moore,0,0
453,274,2012-10-30T04:24:49.000Z,"""I don't find my race attractive""- 
@Kreemofthecrop",moore,0,0
454,275,2012-10-31T15:57:00.000Z,I want to do something exciting for Halloween besides eat an orange kit kat.,moore,0,0
455,276,2012-10-31T23:50:39.000Z,"FRONT ROW. ALREADY CRYING. SO READY FOR 
@BaysideBand
!!!!! #TAYF10",moore,0,0
456,277,2012-10-31T14:37:38.000Z,Happy Halloween. Taking Back Sunday show tonight. #tellallyourfriends #10years #stoked,moore,0,0
457,354,2012-10-31T05:08:39.000Z,"""
@TheCodyJames12
: To the Mavs?? Welcome to #TheLakeShowRetirementHome""",moore,0,0
458,355,2012-10-31T20:27:52.000Z,Tonight's Trick & Treat weather for OKC: All treats with temps between 65 & 72. Beautiful weather makes it a treat for all!,moore,0,0
459,356,2012-10-31T05:38:19.000Z,Mann I miss that girl like crazy.,moore,0,0
460,357,2012-10-31T19:50:40.000Z,haunted house tonight i guess.,moore,0,0
461,358,2012-10-31T15:58:01.000Z,Don't eat orange kit kats. Or download a Spanish keyboard.,moore,0,0
462,359,2012-10-31T14:10:01.000Z,"30 min @ 22 this morning, 
@MaxCGoff
  went over 9000! #ThatsImpossible",moore,0,0
463,360,2012-10-31T05:08:04.000Z,"""
@ElizziaDenise
: Texting <<< Talking on the phone."" <<< Being There",moore,0,0
464,361,2012-10-31T04:49:39.000Z,What if Gangnam Style is actually just a giant rain dance and we brought this hurricane on ourselves...?,moore,0,1
465,362,2012-10-31T23:13:39.000Z,Being men for Halloween... #win @Hannerr1119,moore,0,0
466,363,2012-10-30T01:51:58.000Z,"I am officially 1 for 1 in hosting recruits. Just got our first commitment from 
@BeeRock25
! #boomer",moore,0,0
467,364,2012-10-31T21:20:09.000Z,I still need you and I still miss you and now I wonder,moore,0,0
468,365,2012-10-31T15:04:14.000Z,"#ThatMomentWhen Death shows up at the company Halloween costume party, and it's the HR boss that handles hiring and firing people...",moore,0,0
469,366,2012-10-31T23:11:42.000Z,So is going to the bar in a cow costume a faux pas tonight?,moore,0,0
470,367,2012-10-30T12:52:53.000Z,"you smell like smoke, go home",moore,0,0
471,368,2012-10-31T23:24:37.000Z,#TalkLikeYourBestfriend HOW FREAKIN SWEET WOULD IT BE IF IT JUST ALL OF A SUDDEN STARTED RAINING PURPLE GLITTER?!!!! OMG. @Tiffany_Hall7,moore,0,0
472,369,2012-10-30T23:36:49.000Z,"""I can't even look white trash... I'm Asian"" @kurtrajavong",moore,0,0
473,370,2012-10-31T05:56:57.000Z,Ima make her all mines watch. And u niggas gone be mad lol,moore,0,0
474,371,2012-10-31T15:46:53.000Z, oh my! I can dress up for work today! My manager told me that I can't show my chest or ass & made it seem like I would :o,moore,0,0
475,372,2012-10-31T03:15:49.000Z,"You know you've been gone from practice for a long time when 
@_MrWalls
 comes up and hugs you saying 'you're back!' #mademyday #teammatelove",moore,0,0
476,395,2012-10-31T15:50:36.000Z,If airports had nail salons there would be a lot of late passengers...and late flight attendants ,moore,0,0
477,0,2012-10-31T16:46:32.000Z,"Everyone laughs at Annie from bridesmaids, but that's the future me #sosad",boston,0,0
478,1,2012-10-31T19:41:57.000Z,"If you ""k"" me, you become #1 on my list of douchebags for a good amount of time.",boston,0,0
479,2,2012-10-31T22:09:28.000Z,Turning into such a carnivore after being deprived of real #meat for 5 months #china,boston,0,0
480,3,2012-10-31T22:53:00.000Z,Don't even care that I'm not going out tonight MONSTER JAM TOMORROWWWWWW!!!!!!,boston,0,0
481,4,2012-10-31T18:30:41.000Z,One of those days where I literally want to kill everyone that walks by me on the street #happy,boston,0,0
482,5,2012-10-31T23:15:55.000Z,Jst got cutt off by an old lady.. I look up & that old lady is my nana #nanaskirtedonme,boston,0,0
483,6,2012-10-31T23:41:30.000Z,Couldn't feel more bad for the person who has been through thick and thin for me #sadtweet,boston,0,0
484,7,2012-10-31T19:06:28.000Z,Can't wait for the night to begin :-)  #happyholloween,boston,0,0
485,8,2012-10-31T21:43:00.000Z,"Just need to chill with my boys 
@cammassie34
 @whitechrisrock
 #FridayNight???",boston,0,0
486,9,2012-10-31T19:21:29.000Z,Playing first law of dynamics drinking game #chemnerd,boston,0,0
487,10,2012-10-31T19:10:02.000Z,first one teacher says there are 51 states... now my math teacher says 1+2+4=9 it's been a rough week #thankslesley #whyaretheyteachers ,boston,0,0
488,11,2012-10-31T21:11:36.000Z,I really want pineapple :( #poorcollegestudentproblems,boston,0,0
489,12,2012-10-31T21:17:49.000Z,How much longer till thanksgiving...? #turkey,boston,0,0
490,13,2012-10-31T23:58:40.000Z,Take this glow-stick stick it in yah jacko'lantern looks boss! #Jackchop #Fahkin,boston,0,0
491,14,2012-10-31T20:14:00.000Z,Take your elementary school drama off twitter,boston,0,0
492,15,2012-10-31T17:04:56.000Z,"Arizona iced tea, still the best deal going. #SweetTea #InThisEconomy #",boston,0,0
493,16,2012-10-31T15:22:54.000Z,Who wants to come trick or treating tonight #mmmcandy,boston,0,0
494,17,2012-10-31T20:40:55.000Z,Sitting in a fishbowl not smoking #rare,boston,0,0
495,18,2012-10-31T23:46:52.000Z,I want to Mary the little boy who came to my house dressed as a dinosaur and asked if I was Barbie,boston,0,0
496,19,2012-10-31T20:46:25.000Z,I just got an interview for Victoria Secret next Wednesday !!!! ,boston,0,0
497,154,2012-10-31T17:16:17.000Z,All I want to do is eat candy all day & night,boston,0,0
498,155,2012-10-31T16:49:01.000Z,If I see anyone with a bag full of airheads. Better hold them tight.,boston,0,0
499,156,2012-10-31T19:01:47.000Z,The Halloween episode of Boy Meets World ,boston,0,0
500,157,2012-10-31T22:21:06.000Z,Too determined to get my $2 burrito. #chipotle,boston,0,0
501,158,2012-10-31T20:22:16.000Z,Halloween when I was young > now,boston,0,0
502,159,2012-10-31T23:11:59.000Z,LOL Taras being my gypsy sidekick and she tolddd this boy he would get asked out soon,boston,0,0
503,160,2012-10-31T22:32:18.000Z,I hope someone beats the fuck out of you tonight in Salem #SorryNotSorry,boston,0,0
504,161,2012-10-31T21:46:20.000Z,Hate when my imagination wanders... To you,boston,0,0
505,162,2012-10-31T23:31:17.000Z,The cemetery is totally not creepy right now,boston,0,0
506,163,2012-10-31T17:23:18.000Z,Ah first that at the new job today! #Pandora,boston,0,0
507,164,2012-10-31T22:03:56.000Z,Just two single guys handing out candy and drinking tequila out of coffee mugs. 12 trick or treaters so far!,boston,0,0
508,165,2012-10-31T20:11:24.000Z,"You can unfollow me if you don't like what I tweet, you're fucking irrelevant #shutthefuckup",boston,0,0
509,166,2012-10-31T23:39:52.000Z,"spent the day hiking, shopping, playing dance central and trick or treating. exhausting day off.",boston,0,0
510,167,2012-10-31T18:30:47.000Z,"Scammy Adams came to Curry today... wow 
@cflaska
 @Albog17
 @Spook_luke
 #notthatfamous",boston,0,0
511,168,2012-10-31T20:15:56.000Z,"I love 
@x3Amandaaa",boston,0,0
512,192,2012-10-31T23:41:27.000Z,Salems liiiiiiiive,boston,0,0
513,193,2012-10-31T23:56:46.000Z,Yah.. Bawttle to tha fahckin head.. Welcome to bawstin,boston,0,0
514,194,2012-10-31T18:33:42.000Z,"Go back to ur Boston Boys ep 
@Spook_luke
 @cflaska
 #scammy",boston,0,0
515,195,2012-10-31T18:28:28.000Z,"That moment when you realize every tweet now starts with ""that moment"" and you hate everyone on twitter.",boston,0,0
516,196,2012-10-31T17:54:46.000Z,Kid in the Clifford costume is awesome,boston,0,0
517,0,2012-10-31T23:42:10.000Z,Heath Ledger's performance in The Dark Knight is just fantastic! #FavoriteMovie,nyc,1,0
518,1,2012-10-31T22:47:56.000Z,Me & my #BestFriend ? NOBODY will ever come between us. IDC IDC IDC!,nyc,1,0
519,2,2012-10-31T22:28:43.000Z,"real talk, if i don't have power tomorrow im coming over someone's house who does have power and spending the day. #someonebeniceplease",nyc,1,0
520,3,2012-10-31T23:33:21.000Z,"Please pray for all of the families who lost their loved ones and homes from this disaster, and do what you can to support them. ",nyc,1,1
521,4,2012-10-31T23:40:07.000Z,So good to see the skyline lit up again!! #nyc,nyc,1,0
522,5,2012-10-31T21:53:15.000Z,I'm mad that we got no trick or treaters.  #stupidsandy #wasteofcandy,nyc,1,0
523,6,2012-10-31T22:40:04.000Z,"Lol, When me & #ommf write tweets then we know its about each other. So we just favorite them >> ",nyc,1,0
524,7,2012-10-31T20:25:39.000Z,I'm soo tired of sitting at home...I can't believe I'm saying this,nyc,1,0
525,8,2012-10-31T23:41:56.000Z,Lol.. I asked my uncle in Jamaica why he doesn't celebrate the 4th of July.. I'm so dumb.. Lmao.. #dumbblondemoment,nyc,1,0
526,9,2012-10-31T23:32:18.000Z,New York City has become equivalent to a very expensive movie set of a natural disaster.  If only it was that.,nyc,1,1
527,10,2012-10-31T23:30:45.000Z,Only hispanics would bring their kids trick or treating today,nyc,1,0
528,11,2012-10-31T23:57:36.000Z,I never though i would live to see NYC  get destroyed,nyc,1,1
529,12,2012-10-31T23:17:00.000Z,I just want my power back! I was not meant to live an Amish lifestyle!!,nyc,1,0
530,13,2012-10-31T23:17:26.000Z,Does anyone remember BoysLikeGirls? #sooooolongago,nyc,1,0
531,14,2012-10-31T22:37:26.000Z,Just saw a guy pushing his car on a pitch black highway to the nearest gas station. This is unbelievable. #Sandy,nyc,1,1
532,15,2012-10-31T22:44:54.000Z,"Should i Party or Go eat an smoke, hmmm",nyc,1,0
533,16,2012-10-31T23:51:08.000Z,She's starting to love him while I'm starting to get over him.,nyc,1,0
534,17,2012-10-31T22:39:40.000Z,"I wish I had power 
 #nopower",nyc,1,0
535,18,2012-10-31T22:05:22.000Z,"My older sister is annoying , hate that bitch ",nyc,1,0
536,19,2012-10-31T23:27:00.000Z,Gotta love having cuts on your hands from the broken glass that used to be your bedroom window,nyc,1,0
537,58,2012-10-31T22:59:14.000Z,Niggaaaa just stole a car Lmfao,nyc,1,0
538,59,2012-10-31T22:18:33.000Z,Fuck it I don't care anymore,nyc,1,0
539,60,2012-10-31T23:36:59.000Z,ripping it in solitaire right now on my ipad. ,nyc,1,0
540,61,2012-10-31T22:20:49.000Z,Wait but who wants to come trick or treating with me?,nyc,1,0
541,62,2012-10-31T23:58:47.000Z,My life would be very different if my big Amazon purchase last week was a windup radio not an unworn Gangnam Style Halloween costume #Sandy,nyc,1,0
542,63,2012-10-31T23:38:52.000Z,You either die a hero or live long enough to see yourself become the villain,nyc,1,0
543,64,2012-10-31T23:59:55.000Z,I need a boyfriend.,nyc,1,0
544,65,2012-10-31T23:04:49.000Z,I'm so happy to b somewhere where there's lights n tv etc.. Like I'm bouta shed a tear of joy,nyc,1,0
545,66,2012-10-31T22:53:06.000Z,Never seen twitter this dry,nyc,1,0
546,67,2012-10-31T23:37:39.000Z,"Making a scene in the caf because classes are cancelled the rest of the week >>>>>>> 
@vitaa_bella143
 @panda_manda025 #FITprobs 
@FITprobs",nyc,1,0
547,91,2012-10-31T23:12:17.000Z,WTF I'm supposed to be outside right now getting MAD CANDY but no ....,nyc,1,0
548,92,2012-10-31T23:25:28.000Z,"This is my movie, lmfao i still remeber 8th grade days when me @gox3CINDERELLA and 
@Damari_Nicole
 would act out all the parts!",nyc,1,0
549,93,2012-10-31T23:45:08.000Z,Imagine the misfits were a good band and danzig wasnt a herb,nyc,1,0
550,94,2012-10-31T23:56:11.000Z,finally got my chink food ,nyc,1,0
551,95,2012-10-31T22:51:52.000Z,"Shout out to my new follower 
@LizzyJohnson8
 !!!! #NF",nyc,1,0
552,119,2012-10-31T22:50:07.000Z,Oomf cute,nyc,1,0
553,120,2012-10-31T22:35:29.000Z,"#EastRutherford closed on Rt-17 NB between Union Ave and Rt-120. Stop and go traffic from Highland Cross in #Rutherford, delay of 2 mins",nyc,1,1
554,121,2012-10-31T22:33:36.000Z,I Missss My Babby SOOOOO Fucking Much ;(,nyc,1,0
555,122,2012-10-31T23:48:20.000Z,"I used the 
 emoji way too much ... no I don't wanna kill myself",nyc,1,0
556,123,2012-10-31T21:48:47.000Z,Had tickets to Nets first game ever in BK vs Knicks. It's a shame the biggest thing in NY sports in a while gets postponed. #NetsNation,nyc,1,0
557,204,2012-10-31T22:15:56.000Z,"If anyone needs a place to chyll, crash, shower or anything that you can't do at your home because of Sandy, come thru. #NoPoopingThough",nyc,1,0
558,205,2012-10-31T21:45:15.000Z,Pro Tip:  Shaking your cell like an Etch-a-Sketch does not in fact make it work better. #hurricanesandy,nyc,1,0
559,206,2012-10-31T23:04:30.000Z,I got stormed in with nervo this past weekend. Nice girls !,nyc,1,0
560,207,2012-10-31T23:14:32.000Z,Attention East Coast Trick or Treaters: Your treat was surviving Hurricane Sandy! Go home #Halloween #HurricaneSandy,nyc,1,1
561,208,2012-10-31T21:53:32.000Z,Shout out to My @ThvtGirlTaa I love her an I'd kill 4 her,nyc,1,0
562,209,2012-10-31T21:28:45.000Z,Happy Halloween. My world is a living nightmare of darkness right now.,nyc,1,0
563,210,2012-10-31T22:25:28.000Z,"City is big mess right now. Trains still not working, busses limited access. And people fighting for Taxis and there is no gas to fill up:(",nyc,1,1
564,211,2012-10-31T22:44:14.000Z,My thought and prayers go out to the family's in #breezypoint,nyc,1,0
565,212,2012-10-31T23:58:22.000Z,Northeast trying to recover from #Sandy and folks are concerned about Halloween.   ???    #PrioritiesScrewedUp,nyc,1,1
566,213,2012-10-31T22:01:09.000Z,Really Houston? 80 Million for James Harden? - Gees. #houstonrockets,nyc,1,0
567,214,2012-10-31T22:44:45.000Z,"venturing downtown back to powerless east village, stocking up on clothes. ghost town. basically zero cell service, no lights. sketch city..",nyc,1,1
568,215,2012-10-31T22:28:17.000Z,I feel like I'm missing out on not having electricity lol Im about to go to my friends house that has no power,nyc,1,0
569,216,2012-10-31T22:22:14.000Z,"""
@MikeBloomberg
:The@NBA has postponed tomorrow’s game between 
@BrooklynNets
 & 
@NYKnicks
.Nets opener 
@BarclaysCenter
 ll be on Sat."" 
@hgomez27",nyc,1,0
570,217,2012-10-31T23:30:55.000Z,Night 3 sans power. We are grilling the cute child from next door in prep for a looting spree. Anyone need a VCR?,nyc,1,0
571,240,2012-10-31T23:34:00.000Z,Sleepover with Alex and Mariya ,nyc,1,0
572,241,2012-10-31T21:53:05.000Z,"If your dressing up as Sandy from Grease tonight, you're an asshat.",nyc,1,0
573,242,2012-10-31T21:23:17.000Z,"S/O To 
@DancerProbz
 For Following Me!",nyc,1,0
574,243,2012-10-31T23:15:38.000Z,Blacked out Manhattan = spookiest thing I've ever seen on Halloween. Photos can't capture it.,nyc,1,0
575,244,2012-10-31T23:52:28.000Z,".
@DaniMKay
 and I just got picked up in a car and are about to enjoy a free meal at Crown on the UES. #swanky #welovehurricanes ?",nyc,1,0
576,267,2012-10-31T22:16:13.000Z,"“@Shaylaa_x3: No school for the rest of the week, I will kill myself if they don't extend the marking period -.-”!!",nyc,1,0
577,310,2012-10-31T23:15:01.000Z,"Throwback slow jams and candles 
@mameralis
 @Bella_Reyna",nyc,1,0
578,311,2012-10-31T23:08:37.000Z,"""
@MrJacobPayne
 Whats up?",nyc,1,0
579,312,2012-10-31T23:48:36.000Z,"Seeing @lewieda13th && 
@schott_out
 right when i got to workk ",nyc,1,0
580,313,2012-10-31T22:43:03.000Z,Because of no power in the long island area they'll be no prayer meeting tonight at Bethany please RT,nyc,1,1
581,314,2012-10-31T23:14:20.000Z,Just got my first MacBook pro! I'm happy.,nyc,1,0
582,315,2012-10-31T23:15:31.000Z,"damn, me & 
@Breannalizzette
 went to sleep maaaad late yesterday!",nyc,1,0
583,316,2012-10-31T23:42:58.000Z,OMG SCOOBY DOO AT THE RESTAURANT  IM AT o wait thats me hhahHAHAHAH,nyc,1,0
584,317,2012-10-31T23:29:56.000Z,"I'd like to publicly commend Pres 
@BarackObama
 and Gov. Christie for showing congress and the senate what ""Country first"" really means.”.",nyc,1,0
585,318,2012-10-31T22:38:37.000Z,"What if you on the bus and a random nigga get on come up to you and say ""You going to jail now! !!!"" Would you fight back?",nyc,1,0
586,319,2012-10-31T23:19:35.000Z,"NYer w/o power tells me of dismay at going to Con Ed page for update, seeing pic of ""two guys staring down a manhole."" #sandy",nyc,1,0
587,320,2012-10-31T23:50:18.000Z,Teenage Halloween is 100% about dressing up and has completely ignored the spooky. I love the spooky,nyc,1,0
588,321,2012-10-31T23:15:34.000Z,My hearts in pieces for those suffering from a loss of homes and family members .. it's horrible..,nyc,1,1
589,322,2012-10-31T21:46:14.000Z,This Halloween is wack AF! Can't do shit out here cause of the fukkin hurricane,nyc,1,1
590,323,2012-10-31T22:21:40.000Z,"Entire living rooms and dressers & oxygen tanks & kitchen sinks and libraries of books & entire lives piled up on the curbside, just surreal",nyc,1,0
591,324,2012-10-31T22:19:41.000Z,"Trees on houses, boats in the road, cars washed away, people wearing flip flops in the cold, people wandering in shock.",nyc,1,1
592,325,2012-10-31T23:11:41.000Z,"Finally at The Book of Mormon on Broadway. Sandy made # us 3 days late, but our seats are 10 times better and half the price!!!",nyc,1,0
593,347,2012-10-31T22:22:37.000Z,"One thing to see it in the news, and another in person.  And I know Rockaway and Broadchannel must be worse.",nyc,1,0
594,348,2012-10-31T21:49:22.000Z,Not a good time to be a hospital patient in #NYC. #Bellevue hospital now being evacuated after millions of gallons of water flood basement,nyc,1,1
595,349,2012-10-31T22:16:22.000Z,Dont trade Tebow because he's a distraction. Keep him. 15 is masking other issues. Fix what he masks. Maybe he can help w some of it #jets,nyc,1,0
596,350,2012-10-31T23:52:18.000Z,"After a grueling day, I just bought the most amazing looking dinner. It tastes like refried assholes. #fail",nyc,1,0
597,0,2012-10-30T21:36:25.000Z,23 days till thanksgiving! And 56 days till Christmas #yay #iloveholidays ,joplin,0,0
598,1,2012-10-30T03:33:28.000Z,Homework makes Mondays that much worse #dontwanttodoit,joplin,0,0
599,2,2012-10-30T16:08:48.000Z,This is hands down the most culturally diverse class i've ever been in #Interesting #Reto #Francois #MartinSartin  #GermanGuyWithCrazyName,joplin,0,0
600,3,2012-10-31T15:36:15.000Z,Cant tell if this girl is dressed up or not....??? #Confusing,joplin,0,0
601,4,2012-10-30T00:01:18.000Z,"I don't wanna brag, but ill be the best you've ever had.",joplin,0,0
602,5,2012-10-30T03:55:38.000Z,#YouGainPoints if you have a baseball butt,joplin,0,0
603,6,2012-10-30T22:05:00.000Z,Joplin MO Tue Oct 30th PM Forecast: TONIGHT Mostly Clear Lo 35 WEDNESDAY Mostly Sunny Hi 65,joplin,0,1
604,7,2012-10-30T16:57:48.000Z,Pink lemonade <<< pank drank #5TimesTheSugar #100TimesTheTaste,joplin,0,0
605,8,2012-10-31T13:04:47.000Z,Joplin MO Wed Oct 31st AM Forecast: TODAY Mostly Sunny Hi 61 TONIGHT Mostly Clear Lo 41,joplin,0,1
606,9,2012-10-31T21:38:16.000Z,#IThoughtYouWereCuteUntil I seen you had a mustache decal on your car. #nothanks,joplin,0,0
607,10,2012-10-30T17:07:57.000Z,My professor changed an 8-11 pg paper to a 3-4 pg one and quoted spongebob all in one day #bestdayever,joplin,0,0
608,11,2012-10-31T17:50:55.000Z,Accidentally ordered a vegetarian meal for lunch. #gross #carnivore,joplin,0,0
609,12,2012-10-31T20:53:07.000Z,"""@FinePickUpLine: I'm a thief, and I'm here to steal your heart. #bestpickuplines"" 
@AnnaLynnAlewel",joplin,0,0
610,13,2012-10-30T01:38:44.000Z,People who have the Iphone 5 acting like their gods. Get over urself.,joplin,0,0
611,14,2012-10-31T02:41:04.000Z,When you go to school Monday and everyone already knows what you did that weekend<<<< #smalltownshit,joplin,0,0
612,15,2012-10-30T02:57:27.000Z,"""@jpmelevator: #1 Going to yoga is better than hitting up a strip club these days. #Fact"" 
@melholt88",joplin,0,0
613,16,2012-10-31T20:45:48.000Z,"Interview at American Eagle in twenty minutes!! 
 Less nervous now that @Jessica141415 and @Mirandalyynn wished me luck!! #HereGoes",joplin,0,0
614,17,2012-10-31T23:56:23.000Z,"Drinken just enough to giggle when I hear ""Deep Vein Thrombosis"".",joplin,0,0
615,18,2012-10-31T04:43:13.000Z,You're the same old song. #xo,joplin,0,0
616,19,2012-10-31T07:36:50.000Z,Bed time I'm #sleepy,joplin,0,0
617,71,2012-10-30T03:15:10.000Z,Idk why I enjoy pissing off my brother's girlfriend soo much? #easy #thingsimgreatat  #dontputaringonit #dueces #shouldikeepgoing? #sorrybro,joplin,0,0
618,72,2012-10-31T04:34:47.000Z,I wish I could Redo the last year of my life. I'd do it so much different.,joplin,0,0
619,73,2012-10-31T00:35:29.000Z,"Girl you look good, won't you back that ass up",joplin,0,0
620,74,2012-10-30T01:06:02.000Z,2 hours left at work. #soclose,joplin,0,0
621,75,2012-10-31T23:53:48.000Z,I love passing out candy and seeing all the cute little costumes! Happy Halloween!! :),joplin,0,0
622,76,2012-10-31T22:03:46.000Z,No trick or treating for me tonight!! Birdman and I are going Barrel Racin!:),joplin,0,0
623,77,2012-10-30T15:43:23.000Z,"World Geography test = FAIL!!!
#oops #didn'tstudy",joplin,0,0
624,78,2012-10-31T04:56:41.000Z,Innocence,joplin,0,0
625,79,2012-10-31T19:51:24.000Z,"Just a quick thought/question. 
Should a woman use the phrase ""my life as a whole""? That's weird right? I mean, it's kinda dirty, right?",joplin,0,0
626,80,2012-10-30T12:26:55.000Z,"Flat tire, gonna be super late for class... Hate my drive way!",joplin,0,0
627,81,2012-10-30T12:07:58.000Z,I just really don't feel like moving today,joplin,0,0
628,82,2012-10-31T17:14:32.000Z,Oh the glories of naptime! Dinner w/ friends tonight! Glad the week is half over. :),joplin,0,0
629,83,2012-10-30T02:48:54.000Z,"Three states in three minutes, there you have it",joplin,0,0
630,84,2012-10-30T14:38:38.000Z,Ugh...time to reset!  Just what I didn't want to do.  ,joplin,0,0
631,107,2012-10-31T15:37:47.000Z,Got a sweet gift from my secret pal at work!  :-),joplin,0,0
632,108,2012-10-30T04:59:39.000Z,"Wish I could smoke with@RealWizKhalifa
#dreamscancometrue",joplin,0,0
633,109,2012-10-30T16:51:49.000Z,"Aww, Biggie let me jack her, I'll kick her in the back, hit her with the gat, - ""Chill shorty, lemme do that"".",joplin,0,0
634,110,2012-10-31T15:36:28.000Z,Loveeee queso! #fatgirlprobs,joplin,0,0
635,111,2012-10-30T02:42:49.000Z,Missouri I'm back in you!,joplin,0,0
636,135,2012-10-30T14:48:50.000Z,Lights will guide you home.,joplin,0,0
637,225,2012-10-30T04:56:22.000Z,Finally got my groove back on PS3.,joplin,0,0
638,226,2012-10-31T13:37:26.000Z,This should be a good weekend!! :),joplin,0,0
639,227,2012-10-31T18:58:13.000Z,"Waiting is the hardest part of everything I do, but it's getting better",joplin,0,0
640,228,2012-10-30T12:39:06.000Z,"“
@mandiperkins
: ""Never sacrifice who u are just because someone else has a problem with it.""”",joplin,0,0
641,229,2012-10-31T23:14:35.000Z,"""
@PickUp__Linez
: If I received a nickel for everytime I saw someone as beautiful as you, I'd have five cents.""
@AnnaLynnAlewel",joplin,0,0
642,230,2012-10-31T20:56:08.000Z,"""@FinePickUpLine: You're like a speeding ticket in a construction zone. DOUBLE FINE!!!"" 
@AnnaLynnAlewel",joplin,0,0
643,231,2012-10-30T04:39:31.000Z,Prayers for east coast. Have a niece just outside NYC. Hoping sandy loses her steam and everyone will make it out safe and sound. ,joplin,0,1
644,232,2012-10-31T17:14:34.000Z,"When machines in your room can't survive
And all your devices stand by, you'll never know why",joplin,0,0
645,233,2012-10-31T03:13:31.000Z,Thoughts and prayers for east coast. Photos don't do the damage and loss justice. Human spirit will overcome and shine thru. ,joplin,0,1
646,234,2012-10-31T11:51:44.000Z,Morning baby <3,joplin,0,0
647,235,2012-10-31T21:18:50.000Z,"“
@Royals
: #Royals acquire right-handed starter Ervin Santana & $ from Angels for minor league left handed reliever Brandon Sisk @Sandbox_22",joplin,0,0
648,236,2012-10-31T17:46:03.000Z,Amanda is over here jammin out. I can hear it way back here. LOL,joplin,0,0
649,237,2012-10-31T01:51:27.000Z,@SaviGenevaHad no idea you liked it so i guess i can look for it,joplin,0,0
650,238,2012-10-30T15:54:25.000Z,Another habitat home dedication now! Woohoo! #growjoplin,joplin,0,0
651,239,2012-10-30T21:20:14.000Z,"If he really LOVES u sees what a mess u can be how moody u can get how hard u are to handle but still wants u in their life 
@AaronManning50",joplin,0,0
652,240,2012-10-31T05:11:56.000Z,"""
@Illyssa_84
: ""
@WomensHumor
: Dear coworkers, please stop bringing your baked goods to the office. Sincerely, my waist line.""",joplin,0,0
653,241,2012-10-31T06:52:46.000Z,"You and me together, that's how it always should be. One without the other don't mean nothing to me. 
@AaronManning50
 I love you!",joplin,0,0
654,242,2012-10-30T21:10:19.000Z,"Let me be the one who'll make your bad day turns best, one who'll make you smile without you even knowing. 
@AaronManning50",joplin,0,0
655,243,2012-10-31T13:28:42.000Z,I'm ready for a nap.,joplin,0,0
656,266,2012-10-30T17:03:06.000Z,"Caroline, is the reason for the word 'bitch'.",joplin,0,0
657,330,2012-10-31T00:29:23.000Z,"""You know what happens when a vampire has sex with a black dude? A ginger pops out."" #matt 
@TylerBurkdoll
 @tortorreid",joplin,0,0
658,331,2012-10-30T01:07:12.000Z,"I love being able to vent to 
@ChaseTyner1
 he knows what to say!",joplin,0,0
659,332,2012-10-30T16:48:36.000Z,"Go getcha man bitch, he can get robbed too! Tell 'em ""Biggie took it"", what the fuck he gonna do?!",joplin,0,0
660,333,2012-10-30T12:02:47.000Z,"- waking up and thinking about her. :) 
@HaydenAmber",joplin,0,0
661,334,2012-10-31T21:37:07.000Z,"“@Sandbox_22: 
@Runningloof
 5+ERA is prime credentials for a 
@Royals
 ace sir, did you not watch last season?” Bazinga",joplin,0,0
662,335,2012-10-31T22:17:52.000Z,"My mom said I was too old to go trick or treating. LOL, bitch swerve.",joplin,0,0
663,336,2012-10-30T23:05:00.000Z,How amazing would it be if a Presidential candidate donated the campaign money they're not using at the moment to help Sandy victims?!,joplin,0,0
664,337,2012-10-31T17:38:40.000Z,Anything is possible.,joplin,0,0
665,338,2012-10-31T04:57:19.000Z,Seventeen and strung out on confusion,joplin,0,0
666,339,2012-10-30T00:40:11.000Z,"Hey Vernon Davis, I need 2 touchdowns and 50 yards out of you tonight. On thanks. Bye. #fantasyfootball #nfl #MNF",joplin,0,0
667,340,2012-10-31T17:06:14.000Z,Soddenly this crazy world makes more sense to me,joplin,0,0
668,341,2012-10-30T17:51:51.000Z,"These bitches order Chinese without me 
@ZachWhitlock1
 @TylerFancher",joplin,0,0
669,342,2012-10-30T21:22:44.000Z,I just seen a white dude with music signs and stars shaved into his head.. Lol Oh Joplin people,joplin,0,0
670,343,2012-10-30T00:27:01.000Z,"Our public schools teach ""book"" & not conversational Spanish. 3 years in & my kid has nothing he can really use. #stuffelectionswontfix",joplin,0,0
671,344,2012-10-30T02:58:51.000Z,"""@jpmelevator: #1 
@Microsoft
 just introduced the Surface! #2 It's the 
@MittRomney
 of tablets...it's flat and nobody wants it.""",joplin,0,0
672,345,2012-10-30T02:32:54.000Z,why am i a biiiiish!?!?!?!!? @maddiecasada,joplin,0,0
673,346,2012-10-31T23:37:09.000Z,The sunset tonight is absolutely beautiful.,joplin,0,0
674,347,2012-10-31T22:08:08.000Z,I think I make a pretty sexy boy. ,joplin,0,0
675,348,2012-10-30T16:00:30.000Z,Trisha Lara family.. congratulations on your new home!,joplin,0,0
676,349,2012-10-30T23:51:08.000Z,I'm concerned w/ the number of businesses who set themselves up as people on Facebook and asked to be my friend. #ifriendpeoplenotbusinesses,joplin,0,0
677,0,2012-10-31T21:05:30.000Z,I feel the prettiest/sexiest when I'm sweaty after a nice long work out #fit #getit,omaha,0,0
678,1,2012-10-31T23:22:11.000Z,Someone come over and hangout with me and Jenna #anyone,omaha,0,0
679,2,2012-10-31T16:05:47.000Z,In that mood where I just want to punch everyone. #annoyed,omaha,0,0
680,3,2012-10-30T17:22:42.000Z,Losing you.... was a disaster. (I agree poem chick) #englishclass,omaha,0,0
681,4,2012-10-31T22:29:13.000Z,And then the Lord spoke: Chelsea shath defeat United by five goals to four.,omaha,0,0
682,5,2012-10-31T21:10:04.000Z,Trick o treat smell my feet give me something good to eat!,omaha,0,0
683,6,2012-10-31T02:54:18.000Z,Kadeem is halarius..he scooted closer when Meta would peace got the ball,omaha,0,0
684,7,2012-10-31T16:14:28.000Z,People who sound uneducated when they talk<<< #youlookstupid,omaha,0,0
685,8,2012-10-31T20:29:28.000Z,The awkward moment when people are staring you down. Dude let me eat my torta with peace.! #TaqueriaElRey,omaha,0,0
686,9,2012-10-31T15:12:15.000Z,Absolutely love the awkward Christian tension of today. Should we sing a Luther hymn or stuff our faces with candy!? #DoBoth #HappyReforween,omaha,0,0
687,10,2012-10-31T16:05:54.000Z,The real question burning on everyone's mind: who will be dressing up for the Martin Luther chapel: Barnes or eckman? #GUtownhalls,omaha,0,0
688,11,2012-10-31T04:51:21.000Z,"Anyone can say ""I luv you"" to a friend.... But in a relationship the words ""I love you"" mean the world and more to the other person!",omaha,0,0
689,12,2012-10-31T05:00:02.000Z,#HappyHalloween Everyone!!!,omaha,0,0
690,13,2012-10-31T22:55:23.000Z,The older I get the more holidays seem less and less fun :(,omaha,0,0
691,14,2012-10-31T04:42:39.000Z,"You gotta fast car, I got a plan to get us out of here",omaha,0,0
692,15,2012-10-31T07:00:11.000Z,Weed and music are the only things that make sense in my life.,omaha,0,0
693,16,2012-10-31T15:00:50.000Z,"If that was suppose to be funny, it wasn't. That's actually disturbing....",omaha,0,0
694,17,2012-10-31T20:15:41.000Z,One day ill own a badass aquarium and a jet boat #ballin,omaha,0,0
695,18,2012-10-30T02:16:36.000Z,"#100ThingsAboutMe I'm pretty fucking hilarious, if I can say so myself.",omaha,0,0
696,19,2012-10-31T11:34:18.000Z,"The best part of me & the best part of u collided in a beautiful disaster &there was no one left to pick up the pieces, no one left to care.",omaha,0,1
697,57,2012-10-31T16:08:53.000Z,"Just left a note and some cake on mr okanes desk saying ""hope this makes up for yesterday."" Lolz.",omaha,0,0
698,58,2012-10-31T00:16:27.000Z,WHOOA THE NEWS I JUST HERD!  Spencer what?!,omaha,0,0
699,59,2012-10-31T00:43:55.000Z,Ray Allen. #FuckHim #Traitor,omaha,0,0
700,60,2012-10-30T03:57:49.000Z,#ToMyFutureSon you will play hockey & will be skating before you walk.. & you will love it. #hockeyoveranyothersport,omaha,0,0
701,61,2012-10-31T19:35:37.000Z,"Baby you a song, you make me wanna roll my windows down and cruuuuise.",omaha,0,0
702,62,2012-10-31T12:37:51.000Z,Happy Hump Halloween Day!!! #trickortreat,omaha,0,0
703,63,2012-10-31T02:20:26.000Z,That awkward moment when you are poor.. #moneymoneymoney #theotherotherwhitemeat,omaha,0,0
704,64,2012-10-30T18:35:24.000Z,"""Every saint has a past, and every sinner has a future.""",omaha,0,0
705,65,2012-10-31T23:34:01.000Z,"Just had a bunch of trick or treaters, now there is a lull. The candy is calling my name. Must exercise will power.  #justsayno",omaha,0,0
706,66,2012-10-31T21:46:46.000Z,"When you're tryna end a phone convo but the person keeps talking, lol.",omaha,0,0
707,89,2012-10-30T00:55:43.000Z,I shouldn't be allowed in The Buckle... #shopping #addict #problem,omaha,0,0
708,90,2012-10-31T21:08:47.000Z,Maaaannn I am soooo happy there isn't such thing as getting a THCalyzer installed into ur car...this breathalyzer doesn't phase me,omaha,0,0
709,91,2012-10-31T22:41:06.000Z,I'm so annoyed. Omg.,omaha,0,0
710,92,2012-10-31T22:49:56.000Z,I just want something nice to happen for once,omaha,0,0
711,93,2012-10-30T03:50:44.000Z,Man arrested for stealing a book on ethics.,omaha,0,0
712,117,2012-10-30T19:14:04.000Z,"#ThatAwkwardMoment when Brownell Talbot sends me mail trying to recruit my ""child"" to go to their school... Uhh I don't have a kid. -___-",omaha,0,0
713,118,2012-10-31T12:03:24.000Z,woohoo happy Halloween children,omaha,0,0
714,119,2012-10-31T23:18:31.000Z,"“
@itsBroStinson
: A-Cup Bras: The unofficial sponsor for most female athletes.” 
@KelseyMiller_
 ",omaha,0,0
715,120,2012-10-31T23:28:31.000Z,When I was little I got this weird awesome feeling when it was halloween but now its just any other day.,omaha,0,0
716,121,2012-10-31T21:42:07.000Z,"Come little children, I'll take thee away into a land of enchantment #HocusPocus ",omaha,0,0
717,177,2012-10-30T06:08:50.000Z,Roommate smells like an angel #halo #ohgodwhatthehell ...? ,omaha,0,0
718,178,2012-10-31T13:45:02.000Z,Ahhhhh! Today's the day! T - 15 minutes til we open the doors of the Omaha Bicycle Co.  Come by for coffee and bikes! #Coffee #Bikegang,omaha,0,0
719,179,2012-10-31T14:55:13.000Z,Time flys ,omaha,0,0
720,180,2012-10-30T21:10:02.000Z,"Octane on Satellite radio has our single Separate. Call 1-888-3OCTANE and request Screaming For Silence ""Separate""! 
@s4sband",omaha,0,0
721,181,2012-10-31T20:13:35.000Z,2511 n 150th ave. appearently I don't know my own address.,omaha,0,0
722,182,2012-10-31T17:20:32.000Z,This is why I don't open up,omaha,0,0
723,183,2012-10-31T05:24:13.000Z,Tryna get turnt then go trick or treating whos with me?,omaha,0,0
724,184,2012-10-31T02:19:40.000Z,I'm soo hungry but too lazy to go get food,omaha,0,0
725,185,2012-10-31T11:26:26.000Z,Who comin over tonight? I'm gonna trick ya or give you a treat!;),omaha,0,0
726,186,2012-10-31T03:36:15.000Z,"Im glad the NBA is back so 
@BKinnie84
 can talk some ish about the #Lakers #HateTheLakers #TeamLBJ",omaha,0,0
727,187,2012-10-30T06:00:09.000Z,"Sorry to hear it dude!! It was good as always!! Catch it on #hulu 
@joseramonmarmtz
: I can't believe I missed tonight's 
@LateNightJimmy
! :(",omaha,0,0
728,188,2012-10-31T22:35:16.000Z,Is Wayne Brady gonna have to Djokovic?,omaha,0,0
729,189,2012-10-31T04:08:14.000Z,"I want nothing more than a surf sesh with my friends 
@carlislejessie
 @francisarchives
 @wesleykfrancis
 @gracek0
 @JohnJohnHubert
 @lberns3",omaha,0,0
730,190,2012-10-31T16:24:18.000Z,"At Mc Donalds with 
@Pepino__
 @Javierrr__",omaha,0,0
731,214,2012-10-31T13:16:11.000Z,"And what does the Lord require of you?
To act justly and to love mercy
and to walk humbly with your God. (Micah 6:8 NIV)",omaha,0,0
732,215,2012-10-31T04:44:58.000Z,Any place is better,omaha,0,0
733,216,2012-10-31T16:47:15.000Z,"Increase the peace, without your piece.",omaha,0,0
734,217,2012-10-31T21:59:18.000Z,Wale's swag is on fucking point > #DamnDaddy (;,omaha,0,0
735,240,2012-10-31T23:30:07.000Z,"Just threw the razor away for a month... #noshavenovember @KyKy_Brady 
@JustJewett04
 @_imMORTal4",omaha,0,0
736,241,2012-10-31T23:07:53.000Z,"Just saw trev Alberts with one of his Mercedes Benz hood up trying to jump start his car, looked at him and walked away #karmasabitch",omaha,0,0
737,277,2012-10-31T18:00:10.000Z,Happy Halloween!!!! ,omaha,0,0
738,278,2012-10-31T20:49:35.000Z,Who exactly is coming to my house?,omaha,0,0
739,279,2012-10-30T05:14:55.000Z,"At least 12 dead, 5.3 million without power on East Coast, 
@cnnbrk
 reports. 60,000,000 could be affected overall. #Sandy",omaha,0,1
740,280,2012-10-31T02:23:06.000Z,What's up with the word hoe tonight?,omaha,0,0
741,281,2012-10-31T15:43:54.000Z,Saw President Clinton speak and shook his hand.  Pretty much flying high right now.,omaha,0,0
742,282,2012-10-31T10:47:54.000Z,"2day's physical inventory 
@treko_midtown
 brought 2 U by #Redbull
, 
@Starbucks
 Venti ""Red Eye""'s & XM''s HairNation - part 4 in a series of 6.",omaha,0,0
743,283,2012-10-31T23:42:04.000Z,My girlfriend>>>> (:,omaha,0,0
744,284,2012-10-31T23:04:31.000Z,Got that Wonder Woman swag,omaha,0,0
745,285,2012-10-31T03:02:53.000Z,Goodnight texts always make my night if I had someone to text me one. :(,omaha,0,0
746,286,2012-10-31T17:23:07.000Z,Well that's embarrassing that I've been walking around with my tag on my shirt all day..,omaha,0,0
747,287,2012-10-31T19:41:57.000Z,Yeah I just bought a swimsuit in October. What of it,omaha,0,0
748,288,2012-10-31T07:12:33.000Z,"Two years with the ball and chain 
@hannahk_xo",omaha,0,0
749,311,2012-10-31T20:49:58.000Z,More than 25 tents are set up outside of Chick Fil A as ppl are camping out for the grand opening #eatmorchiken,omaha,0,0
750,312,2012-10-30T15:04:59.000Z,I want HuHot sooooo bad,omaha,0,0
751,313,2012-10-31T11:32:12.000Z,it's already Halloween.,omaha,0,0
752,314,2012-10-31T17:08:38.000Z,Being in downtown Omaha and seeing places and recalling memories>>> so many firsts down here,omaha,0,0
753,315,2012-10-31T16:19:57.000Z,FUCK TODAY!!  Just need to get away and listen to music!,omaha,0,0
754,339,2012-10-31T03:04:32.000Z,Drizzy Drake on replay tonight,omaha,0,0
755,340,2012-10-31T02:46:22.000Z,State of grace,omaha,0,0
756,341,2012-10-31T13:26:48.000Z,"#NBA
 basketball starting up again 
even worse than baseball especially when the Yankees don't make the post season",omaha,0,0
757,379,2012-10-31T22:33:41.000Z,I'm so fucking bored...,omaha,0,0
758,380,2012-10-31T23:43:32.000Z,"Omg , she a pimpled faced bitch! Like omg Delon your sick (throws up hands) but heybim with you all the way!!",omaha,0,0
759,381,2012-10-31T16:52:03.000Z,Please send prayers up for my friend and her family during this tragedy @curlytop1973,omaha,0,1
760,382,2012-10-30T22:38:56.000Z,we're just a couple of ruthless pot smoking bastards.,omaha,0,0
761,383,2012-10-31T00:21:52.000Z,$100 Motha fuckin dollars to the person that gives me the girls name,omaha,0,0
762,384,2012-10-31T03:52:44.000Z,"Thanks to 
@alecbruins
 for his debut on the show! Great stuff from Alec",omaha,0,0
763,385,2012-10-31T03:24:49.000Z,"“
@ShitNobodySays
: Do you have the Kidz Bop version?”",omaha,0,0
764,386,2012-10-31T11:55:38.000Z,"There's a reason that women have #stereotypes - 7am @ the gym & this girl's shorts are so short, her ass cheeks are hanging out #makessense",omaha,0,0
765,387,2012-10-31T19:27:23.000Z,"I'm not sure what is going on but I just turned on EspnU and 
@ESPN_Schick
 had a black baby. Somebody got some splaining to do.",omaha,0,0
766,388,2012-10-31T04:42:28.000Z,"“
@HalloweenCount
: 40 minutes #Halloween 
” 17!",omaha,0,0
767,389,2012-10-31T13:12:11.000Z,"Getn' called a ""Sweetheart"" then the Scooters Barista hook'd it up for Free!! #NuthinBetter #FreeLife #Charm",omaha,0,0
